1	继续保持下去，不能放松警惕啊[赞][太开心][太开心]！
1	"学医第六年，抗住[苦涩]"""""
1	郑州加油[求饶]
0	大学什么时候解封
2	广东是舞狮[允悲]
1	[中国赞][中国赞][中国赞]
1	熊猫滚滚，哎呀太阔爱了
1	[赞][赞]
2	路还封着呢nmd
0	现在去北京用做核酸检测吗
0	救命长在我的审美点上的男人
1	真的是让人感到兴奋的消息。
2	揭穿美国政府的谎言[鄙视]
0	下次一定赶上
1	[赞][赞][赞]
0	所以，该查一下美国德克里克了
2	是不是接触过进口冷冻海鲜[疑问][思考]
1	了不起的小伙子[good][good][good]
1	这真的好可爱啊！萌翻了[鼓掌][鼓掌][鼓掌]，好喜欢吖！
2	……云南太难了，守着边境不容易
0	防护工作要做好，就算打了疫苗也不要掉以轻心
1	抗疫一线，父子同心！
1	可喜可贺，但是依旧不能放松警惕，保持常态化防控。
2	我想知道为什么他们是隔离酒店工作的可以跑出来？？？？
2	东部机场不是要求三天一次核酸检测，怎么南京机场会这么久才发现病例？！
0	在疫情泛滥的国家，没有全民检测，还有多少变异病毒未发现。
0	广州这次防疫真可谓非常严格
1	安全健康的疫苗，有我们可以享受的福利，感谢祖国。
0	没打，打不到，
2	都辟谣了，还在播
2	作为一个在南京的辽宁人，这次南京防疫太垃圾了！上面的人完全是蒙圈的，天天喊口号啥也不干！
0	商丘什么时候解封
0	这个字怎么读
2	在忙着评无疫小区
1	河南零増了，好消息
1	太好了[赞][赞][赞]
0	请问还需要离郑证明吗
1	不愧为广州速度！
0	一个多月了还在三星堆，都不带动一动的
1	快22.8了！加油
0	解释清楚了。不然只是大家乱恐慌。要洗手，不摸口鼻
0	为啥还是买不了进京的车票啊，还是显示限制进京
2	广州真的被搞怕了
2	大连这个是哪里来的……
1	医务人员你们辛苦了!盼扬州早日解封。
1	[good]
1	这个不错，里面可以送凉风吧
1	严防死守，广州加油[加油]
0	能不能不禁止让境外的人进入呢
2	唉忒可怕了，做好防护，戴口罩，别掉以轻心
1	站在祖国的土地，心里才安静，祖国是我们永远的避风港，祝福祖国，永远和平，永远繁荣昌盛！
1	大河南威武！！！！！
2	"请问这一条对于自驾返京的，是同样出示核检就可以返回吗？孩子跟着老人按照这条返京了，但是检查站不放行，是我对政策哪里理解错了吗？我理解防疫当前大局为重，但为何按照政策要求做了，依然不能进京？ <a href="">网页链接</a>"
2	[感冒][感冒][感冒]
1	有魄力[赞]
1	哈哈我的熊猫在九寨沟呢
1	[good]
1	向医生，警察，教师，军人致敬！ 我们爱您们！！
1	防疫只听钟院士[赞]
2	对隔离人员传染风险巨大，人家自费近万元，限制自由在高风险区域，合理吗？
0	不去，国内又上不了大学。赌一把吧
2	我们中山市火炬开发区从南京回来就一例，我们已经被封闭管理6天了[允悲]
2	大哥你吓我一跳，今天都9月18日了，为什么还弹出来9月6号的事？
1	赞！希望我们援商的医务人员早日凯旋归来！
0	核酸检测技术和准确率也需改良
0	做好防疫工作 早日解封！
2	[可憐][可憐][可憐][可憐]现在还好吗
1	解封啦解封啦
2	我希望外地的朋友能够不要骂我们南京普通老百姓，我们什么都没做错，但是我们还得为他们买单
0	防控不要停止
0	永远忘不了为什么现在医生都是面对门口，这个事故就出现在身边。
1	[赞][赞][赞]
0	延长隔离期，希望我们这里好好的
0	扬州就快胜利了。这么多天都等过来了！
2	我的一直在杜甫草堂从未离开[允悲]
2	又开始了？[晕]
0	看和谁比，要是比非洲国家，比如说津巴布韦、卢旺达等，日本确实还是最快的。
2	被新冠虾魔怔了
0	积极做好疫苗接种，共筑免疫屏障！
0	国际飞机还在飞吗，那可是一增加就是一飞机的人了，一燎原就是一方的地界
1	我们大家出门一定要佩戴好口罩，白衣天使们辛苦了
0	在乐山大佛，一直都在[思考]
0	大家都注意防护吧！
0	党的组织体系的动员，是最强力、最高效、最具责任感、也最具荣誉感的动员。
2	我早就打了，但收到这样的“恐吓短信”还是很反感。
0	那是不是离郑不需要拿核酸检测报告了？
2	何时休疫情？
0	打完了疫苗为什么还没有
1	啊正弘城！！！
1	辛苦了[心]
1	正好中秋节了，可以去看峰爆了[抱一抱]
1	真好，希望不断改善。工欲善其事，必先利其器。
0	现在开学真的是许多人在讨论的一个大事情。
0	那什么时候解封呢
0	要预防好，减少不必要的感染
2	印度毒株真的牛逼
0	这是指打了两针还是一针的人？
0	疫情面前，把每一个国家，每一个制度的优劣势，都展现的淋漓尽致，以及人性的阴暗面，也同时披露，到现在为止，已经不得不承认这是一场新型的战争了。
2	[泪][泪]
2	病毒早已经在美国、意大利…传播！还要甩锅给中国！
1	医治水平高超，医护们辛苦了！[鲜花]
0	这个新闻去年就有说过啊，但一直没有后续
1	真的是太好了啊
0	这个病毒很可能很早就存在，只是对人体无害，或者即使有害也会被人体自身免疫干掉，以致于大家不会对其过多关注。突然有一天这个病毒发生变异，对人体影响比较大，导致大爆发
0	一切为了人民的安全保障，问责其次，做实事才是第一位
2	无语了 吃瓜吃到自己家[泪]
0	就想问啥时候通一号线地铁
2	又封 五月开始到现在广州每个月都有地方被封。
1	好啊好啊，终于都低风险了
2	猪队友比病毒更难搞[吃瓜]
2	所以啊所以啊啥时候能解封[悲伤]
2	叫不醒装睡的人
0	郑州到北京的高铁什么时候开通？
0	[话筒][话筒][话筒]
2	商丘何时解封，恢复通车，我要回北京[可怜]
2	沈阳加油[允悲]
0	蓦然回首，那个宝宝却在我身后
1	[good]
1	可可爱爱的 我也想拥有！！立马去解锁[好爱哦][好爱哦]
1	湖北加油！荆门加油！！！
1	孩子们逐渐上学了，非常感谢科普，早上好[太阳][太阳][太阳][太阳]
1	加油，我们也会一直在
2	如果不是毛老太，江苏也清零了，唉！本南京人也骂死她！！
0	[话筒][话筒][话筒]
2	什么时候才完啊，这疫情
0	在广州呆会变黄码吗？
1	真的是很了不起
0	疫情早日过去吧，杭州还要开亚运会呢
1	啊哈哈哈我的天怎么有塞梅多可可爱爱的东西呀
2	一直在杜甫草堂打转[允悲]
2	下完这场雨再说吧 太难了
2	境外输入源源不断！愁人！
1	想起那时发现后的封闭隔离、全员核酸检测。医护人员辛苦了！感谢每个人的配合！生活在中国真的很幸福！
2	不看临床看资料？我去
1	[good]
2	形式还是很严峻的
1	真的建议推广，我们的医护人员太累了[心]心疼他们
1	很庆幸我生于中国，也很感恩蓝天救援队在疫情期间的辛苦付出
0	能不能考虑延长境外返回人员的集中隔离时间呢？
2	老人和未成年人是最容易感染的一定要加快打疫苗啊
2	希望疫情早日结束
1	真的是很有创意了，很好看啊。
0	江苏 河南的防控力度还要加强 领导要靠前指挥
1	这个好，推广啊
1	真棒，中高风险地区已经变得安全了
2	别的省份上热搜都是哪个市，云南每次都是云南，咋的，云南的城市不配拥有名字是吧
0	官方什么时候公告行程轨迹
1	哇哇哇 不容易不容易！！
0	微博搜一下固始，看多少钱一针
1	是英雄！但还是希望保护好自己
1	真的是太可爱了吧，很有创意的想法啊
1	说的真好呀。
1	这个夏天对郑州不太友好[微笑]但我们很坚强
2	大家真的很可怜。
0	通过空气可能性不大，多数通过公用洗手盆
1	好可爱！哈哈哈哈
2	这些隔离点的工作人员必须要严格，说了多少次都不以为然。都是从这些隔离点流出去，害了多少无辜老百姓？我建议隔离点的人必须得问责，做不到做不好导致外界社会人员有什么影响的就要坐牢。
2	天佑成都。千万别有本土病例啊！
0	所以老人和孩子可以接种了？
2	一天这么多？好可怕啊，政府没控制好啊
0	在公园阴凉处设。
0	沿江中路那边可以吗
0	3至17岁的疫苗什么时候能安排接种？
1	真是好消息啊！！
0	南京为什么没见到问责的内容？
2	活着和生活好像不太一样[允悲]
0	这是大家共同努力的结果。
1	[赞][赞]
0	现在什么情况了呀
1	确实效率，出差去了中山，河源派出所打了我10个电话，以为是骗子就没接，结果是广州通知他们做流调的，工作真的特别细
1	广州加油加油！！
0	复阳的不算里面是吗？
0	话说哪里是强制打的？坐标北京
0	杜甫草堂路过。
2	我想换[怒]
2	如果隔离酒店的管理严格，工作人员不到处走动的话，也不会有这么多密接和次密接了
0	看成了日本零增长
1	熊猫真的是太可爱了，我也想拥有，背景都好好看哦。
1	医者仁心，医心一意，医生有你，医往无前，为你，我，医无反顾[心]
0	小区当时挨家挨户统计了一下，态度很好，也没说强制打，不过后来还是自觉抽空去接种了
0	郑州出来还会是红码吗
2	随手扩[泪]
1	[心][心]
0	我想知道16白天和17.18号轨迹，是都在家吗？还有她父母都是无症状，轨迹呢？
2	所以说机场什么时候开[失望]
0	这将让广州跻身世界前五的大都市！
2	不知道打了第三针抗体提高几倍后能不能免疫感染…
1	今天本土新增確診3例湖北荆州，3例江蘇揚州，都已經是在隔離的，沒有新增無症狀。希望這波是過去了。
1	父子俩都是警察！[赞啊]
2	严重举报，江苏省扬州市宝应中学，不顾防疫要求于九月五号准备开学
0	祝自己医路顺风吧
1	加油啊云南，8月份还要去旅游呢
0	什么叫加强接种呀
0	国家应该派专业人员负责高危地点的垃圾处理。禁止捡拾。
1	可可爱爱没有脑袋[好喜欢][好喜欢]
1	[good]
0	按一人两剂算，尚需7亿剂次，加上一些是接种的3剂以及新出生和亡故人群，这个数字还可能会高一些。
0	偷渡，境外传入的1吧
2	唉，都是假的，打了电话全说要预约才能做
0	不知道这么大年龄是否有做核酸的必要 应该也不出门
2	卡断境外输入通道！
1	[good]
0	北三环，东三环，封了没？
0	所以我们要解除封禁了么
0	现在打的疫苗能顶得住这种病毒吗？
1	疫情总会过去，我们要好好生活！加油！[感冒]
1	希望大家都平安[心]
1	真的是非常的感谢所有的医护人员
1	一线医护人员辛苦啊！要好好保护自己！祝早日康复！！
0	求问，郑州入京，北京那边还需要还需要核酸证明吗？
0	郑州渡过了一个不眠之夜
1	这效率和速度，爱我中国
0	出门记得戴口罩[羞嗒嗒]
1	[赞][赞][赞]
2	[黑线]然后我们学校没打疫苗不让进，全都打了还得封校，只封学生[微笑]
2	湖北咋还翻倍了呢？这搞个锤子啊
0	所以 现在商丘低风险可以进京嘛？
0	能打就打，这是我们每个中国人应该做的
0	打早了，现在打还有补贴
1	扬州加油呀[心]
0	钟南山说过去的密接概念已不适用
1	终于个位数了！！！
1	[good]
1	致敬[给你小心心]
1	钟老辛苦了！
0	一个城市的荣耀应是红旗招展的❤ ❤ ❤ 决不能容忍魑魅魍魉横行的鬼子街！
2	有完没完了！
2	最近下大雨，人们更不得不坐公共交通上下班，更有可能被传染了
2	现在隔离都要自费了吖[允悲][允悲]
2	那排队做核检岂不是帮助传播了吗[允悲]
1	点赞[good]
1	可喜可贺！！！
2	好好严惩。害得我们这些人没日没夜了
1	希望这波尽快过去，对咱大广州有信心。
0	[awsl]充气的大白(●–
0	现在防疫得改变观念。每次看见境外回来的人发现感染病例，我就在想这些有钱人为什么不能为防疫人员付工资呢？国家级防疫早就结束了。现在是地方性防疫，成百上千的防疫工作人员去服务一两个感染病例，那么防疫工作人员的工资不能由普通纳税人钱去承担。而是由这些出境回来的有钱人承担。难道是劫贫济富
0	不是说10亿人了？
1	您，辛苦了！[鲜花][鲜花][鲜花]
1	广州做的很不错了，希望这么迅速，没有蔓延，顺利完事、清零！[心]
2	[作揖]千万别再有了
1	广州牛逼[鼓掌][鼓掌][鼓掌][鼓掌]
1	真像大白了[笑cry][笑cry][笑cry]
0	口罩是戴反了么
1	[赞][赞][赞]
0	疫情防控，人人有责。国强民兴，雄心勃勃
1	[good][good][good][good][good][good]
1	又是可愛熊貓來報到[打call][打call][打call]
1	工作人员好样的
1	期待[太开心]
2	靠，这个有点多呀
2	广州防疫驿站快点建吧，隔离酒店都在人口密度大的城区，次次这样扛不住啊[泪][泪][泪]
1	需要喷雾式的，迷魂香那种[笑cry]，医护人员加油！向你们表示崇高的敬意，
1	本郑州人表示终于火锅奶茶KTV自由啦[抱一抱][抱一抱][抱一抱][抱一抱]
0	等待郑州大学解封
2	军运会传入武汉实锤了。
1	看着这个场景莫名感动
1	这也太幸福了吧[馋嘴]
2	南方全部沦陷[汗]
1	湖北会好的，大家都要坚持啊！
1	两针都打了[可爱][可爱]
2	啊啊啊，羡慕嫉妒恨
1	"中国移动也太暖心了，棒棒哒[打call] <a href="">网页链接</a>"
0	怎么感觉是三角函数里面那几个都出来了[doge]
2	5号无症状，8号转确诊，这病情加速有点快啊[吃瓜]
2	还在扩散中，继续防护
1	扬州炒饭加油
2	累了，毁灭吧
0	满59周岁的不让打
2	病毒不就 就有人在说这个是从美国是实验室怎么怎么滴的
1	啊啊啊啊啊啊这个皮肤盲盒也太有创意了
1	谢谢你们默默地付出
0	疫苗赶不上变异速度，重要的还是国家严防输入，大家也尽最大可能防疫。千万不要信外国完成群体免疫时，中国不开国门 就会死穷人什么的，这种屁话。因为现在看，新冠这变异速度，外国根本不会实现群体免疫。
1	继续保持零新增啊[good][可爱][可爱]！
1	[good]
1	太好了！加油商丘！[拳头]
0	注意安全防护
1	武汉已全域低风险 感谢前线工作人员！
1	咱也是有熊猫的堆了。[喵喵]
1	可可爱爱，像大白
0	钟南山呼吁，老人和孩子应该加强接种！
2	直接不打就注销国籍吧，更有效。还同时解决了人口负担
1	[good]
0	[话筒][话筒][话筒]
2	？？？？巨婴？？？？
2	唉太心疼这一家子了
1	感谢为我们的安全奋战在一线的人们[心]
0	这就体现出戴口罩的重要性。首先不传染别人，其次是不被他人传染。
2	我的熊猫在宽窄巷子扎根了[悲伤]说好的旅行熊猫呢！你咋不动 不去旅行呢！咋就在一个景点呢！！！一个月了！！一个巷子还没逛完？？？？[允悲][允悲][允悲]
1	首批7例也出院了，一切都向好，加油武汉！
2	我想去全运会现场看东哥比赛[泪][泪][泪][泪][泪]
2	回看武汉疫情爆发期间，专家们和地方官员们在网络说了些啥？这类似的专家信口开河，口无遮拦，误导疫情，近似于给自己国家脖子上套绞索，在国内国际引起负面影响很大。像钟南山这样的专家，中国多有几个就好了！
2	都两天了才发出来...。真够慢的
1	这个真不错[赞]以人为本设计
2	要快点出来行程轨迹啊
2	河南人拿着钱就研究这些么？
1	好消息！！！
2	悄悄传播这个表述不准确，大美丽不可能不知道所谓电子烟肺炎问题，他们也不可能没检测过电子烟肺炎病毒，只是他们没有预料到病毒传播能力这么强，也没有预料到会失控于他们自信的技术而已。
2	河南这次疫情发生不应该，教训太深刻了。
0	我的一周了 一直在青城山
0	用生命在守护
0	注意防护措施
1	[doge][心]
1	[加油][加油][加油]
2	这演化真是神速[允悲]
2	这个恐怖啊！
1	我想成为一名检察官，用法律捍卫和平[加油]
1	我们大长垣棒棒哒
2	就是个个担心问责 基层医务人员苦不堪言
0	湖北六个是哪里的
2	为什么不把阿里的变成爆？这个阅读量够了吧，为什么互相包庇
0	扬州什么时候清零呢？
2	所以证明那些喝牛尿吃牛粪的印度人是个混蛋，养蛊就在自己国家养的别危害别的国家。
1	买菜去[哈哈]
0	戴口罩，勤洗手
0	还以为会有环卫工人
2	今年秋冬的挑战会很大
2	别阿！国庆要到了。
0	还能去青岛旅游么
0	广州越秀区连夜开展核酸检测
1	好样的父子，有你们父子交警人民放心。
2	开门吧[泪][泪]
0	此轮疫情让中国看到了放松警惕的巨大危害，没办法像西方国家那样“不负责任地放开”，所以，只能采取更严格的防疫措施，才是未来很长一段时间对付德尔塔的中国方案......
1	为蓝天救援队点赞！！感谢你们的贡献！！
2	好一个蒙冤的中国病毒！
0	越来越多的证据表明，武汉发生的新冠肺炎是境外输入
1	报告警长，我已经有金边加持了！
2	河南濮阳的一例境外返乡人员隔离28天，核酸检测17次才查出来阳性，这病毒像是懂人类防控措施一样的躲避…
0	去吧，按原计划走好自己的人生路。缝山开路，遇水搭桥。自己照顾好自己。
0	未成年可以打了吗
2	边境地区太复杂。。。。
1	致敬医护人员，谢谢！
2	北京淹死人了解一下
1	今天刚刚接种完第二针，感谢国家，感谢所有的医护人员[心]
0	最好的的解决办法是口罩不离口，还有最重要一点，避免人口聚集和境外输入。
0	还没打疫苗的火速抓紧了
1	可以的[good]
1	赶紧普及并改进为“冬暖夏凉”型[加油]
0	所以何时解封啊？
2	吓死人的节奏
1	打完了[打call]
0	可以自定义吗？我的一直是同一个图片啊，一直在三星堆
2	大连加油，疫情快点过去吧
1	[兔子][哆啦A梦花心][太开心]
1	很好！！！因为有你！！！
0	众所周知，日本人用中文发推
1	值得推广！好棒！
0	郑州到柘城的公交车发不发呢？
2	还有广西，防越南[裂开]
2	这个工程也能烂尾吗？[怒][伤心][怒]
2	[允悲][允悲][允悲][允悲]
2	好好保护自己[感冒]
1	每个人都是好样的！
0	湖南属于中分险吗
0	南京的看过来
1	[赞][赞][赞]
1	[笑cry]这个舒服的话，希望能大力推广
0	大部分都是缅甸人，请问入境是怎么管控的？
2	所以啊，疫苗必须打！
1	致敬中国医师[太开心]
0	一级建造师恢复考试
1	泪大喜奔，坚持就是胜利
2	人还是分269等啊，他们工作累点，就心疼，打工人农民工什么才能重视
1	致敬英雄！这才是我们该追的星[心]
0	推广推广 天热吹凉风 天冷吹热风
0	这玩意多贵啊，搞点空调小亭子比这便宜多了
0	对于瞒报者，是不是应该以危害公共安全健康罪拘留判刑、录入个人诚信档案系统并全国联网共享信息、限制其使用公共资源？ 另外，令其自费治疗新冠肺炎当属合情合理吧？ 一马勺坏一锅，国家资源不允许如此肆意糟蹋。
1	非常满意啊 哈哈哈哈 快来接种新冠疫苗8⃣️！！！
1	太好了，高风险地区都清零啦，希望早点所有风险地区都清零！[拳头]
1	医护人员们，辛苦了！
2	我们小区里那老头老太太天天翻垃圾箱可开心了
2	我是真无语 ， 江苏人来沈阳也不知道干哈就上个网打发时间 网吧也没了 电竞酒店都订满了我直接脑溢血了
0	简单地推算一下，如果目前需要接种三剂疫苗，才能达到原来对两剂疫苗保护率的预期值，那今年至少需要接种30亿剂。考虑到德尔塔变异株的传染力比原来的毒株要高很多，那么实际需要接种剂次需要超过30亿。
2	封控低风险区太难了院不让出，出入卡基本就是摆设，物资隔着铁皮墙投过来的还死贵，又赶上暴雨预警，人都不让出别说车了[泪]心疼我家小电驴
2	清零了，然后呢，比之前封的更严了，不作为
1	一定会变好的，一定要加油，以后会更好的！[爱你]
2	还要加上，吐痰！吐痰！吐痰！密切接触或被风吹扬吸入体内的
1	[打call]
0	当之无愧的勋章获得者
0	科技改变生活
2	都是美国那边出来的
2	凭什么大学生要等21天去学校，为啥又是一刀切[微笑]
1	太好啦！！！可以看峰爆！！！
0	都打疫苗了吗？
0	惠济区到现在还在要出入证进出？上午发的那个通告有什么用？
2	这边境管控确实有问题呀！25-21号入境的，现在才核酸检测
2	坐标安徽合肥，每天进出小区查看安康码跟接种证明，哪怕你只是到家门口超市买个菜也要重新查，社区三人一组到家里拍门，各种变相强制，身体没问题的谁会不愿意打安全点儿，疫苗本来是好事儿，现在都影响居民正常生活了
2	呕吐了，在附近上班都躲过了，躲不过在那吃饭的沙雕
1	[作揖][作揖][作揖][心][心][心][拳头][拳头][拳头]
0	昨天从尉氏到新郑机场，扫行程码变红了，那怎么变回绿码呢？
1	去年圣诞节趁着一天没课跑去了南京 真的好喜欢这座城市 去了颐和路 看梧桐 发现南京的红绿灯都异常的大 想着以后老了一定要去南京养老哈哈哈哈
1	慢慢好起来了！加油！
1	没有本土[鼓掌]
2	突然觉得人的良心仁心都丧失了。
2	哎 我还囤了丽江酒店
1	希望疫情早日结束[给你小心心][给你小心心][给你小心心]
2	可惜政哥没搞成工业化，标准化都搞了
2	想到这个我就超级难受，我还没有打第一针疫苗
2	就大学生有传染性吗？为什么只关大学生？教职工全部正常出入，学生吃个饭都要戴口罩，关了四五十天了。一点都不顾及在校生的感受吗？
0	不用慌啊 人家上海人也没见这么慌
0	恢复来之不易
2	在广西南宁市第一针到现在还没能预约上，好乜嘢！
1	加油中国！吸入式疫苗什么时候可以开始使用呢？那样速度更快了！
0	动态清零，逐步实现，种好疫苗，戴上口罩，又准备浪山浪水了。
0	珍惜来之不易的抗议成果，出门戴口罩，一刻不能。
0	地铁呢地铁呢
1	[心][心][心]
1	这熊猫挺可爱的
2	收这种钱 良心难安[微笑]
2	就算解封了，大家也尽量不要聚集啊!刚解封就聚集，明天是不是就有人敢不戴口罩了[允悲]还是要做好自身防护啊
2	大连的是从哪个外地回来的？？
1	谢谢你，中国医生！
1	科技改善生活，真棒！
2	会不会是中途被传染
2	出门记得戴口罩！
0	不用担心，院士说了，我们疫苗提供的免疫屏障，不久国门就要打开了。大家要相信院士专家，相信疫苗。
0	此轮疫情让中国看到了放松警惕的巨大危害，没办法像西方国家那样“不负责任地放开”，所以，只能采取更严格的防疫措施，才是未来对付德尔塔的中国方案......
0	药要反弹了吗？
0	广州真是这样判吗？那是不是这次很多密接都可以平反呢？另外三密集中隔离是个啥？
1	[good]
0	南京下降了 全国起飞了
2	都是外国惹的祸
1	马上我就要贡献第二针啦[哈哈]
2	为啥我的没有变[泪]
1	还是希望正常开学！
0	没有对这病毒可怕性的观点，估计印度又会衰退十多二十年
1	这不比奥运会开幕式好看[doge][doge][doge]
1	敬佩，人间有大爱
0	严防严控严检严隔离 有接触必隔离必报道
1	没有本地了[赞]
0	如果全世界都被疫情攻陷了，我们也无法独善其身
2	想问下中风险到解封还需要多久？要疯了
1	扬州个位数了！！
1	湖北加油！武汉加油！
0	大学能不能解封，坐标仙林，好久没有新增了。
1	好消息[赞]
1	终于可以回家了
2	病毒为了求生存而爆发的变异能力太强大了，德尔塔类，危险⚠️
1	牛逼[good]
1	终于[泪][泪][泪]
2	外国不停，中国就是太难了!
2	那些容留、协助偷越国境的有一个抓一个，如果感染了让他们自己出钱治疗[怒]
2	[笑而不语][笑而不语]
0	做好自我防护工作
0	什么时候出南京不需要核酸呢？
2	真的是没完没了
1	中国有71个疫苗正在研发
1	有空一定要去帮衬[羞嗒嗒][羞嗒嗒]
1	[给力][给力][给力]
0	这下好了，群体免疫形成了。
2	买点n95才行了
2	当大哥的实在是太操心了
1	身在广州大学城，真的特别感谢医务人员和学校[泪]大规模核酸检测三天测了两次真的太辛苦医务人员和学校的志愿者还有老师领导了[泪][泪]广州这次真的很棒！！！
0	从7月20日我们的郑州“生病”，今日他是痊愈了
2	为什么当时无症状的时候不治治 非要等他转归？
2	看着评论，不能不思考，关注广州日报的人智商如何。 你们不会反思新加坡的检测准确度吗？？
0	这一波，基本摁住了！
2	现在怎么都不出轨迹了
0	媒体朋友能帮忙问下 这名无症状是否前期已接种疫苗？
1	[鲜花][鲜花][鲜花]
1	中国人民yyds[打call]
1	[鲜花] [鲜花][心]
1	喜欢滚滚，转起
0	没有接种疫苗吗
0	防疫三件宝:戴口罩、勤洗手、不聚集
0	南京终于清零了
0	疫情期间，广州会成为唯一的对外入境处吗？
0	做好自己做好自己
0	不与德尔塔共存是因为有人在阻击德尔塔，不要以为岁月静好。
2	没有听说一个小区中风险封锁了一座70万人。惠济区。京广路街道。这些高风险地区也没有封锁一座城啊。为啥把南龙湖70万人全封起来。一个南龙湖相当于一个二七区加一个惠济区人口。为啥没有把这两个区全封了？难道南龙湖就是你们拿起来玩耍的？？
1	向所有为我们负重前行在一线的人员致敬！[haha]爱你们
1	哇哇哇，这个熊猫健康码好可爱呀，看着自己都想去旅游了
1	[good]
1	加油！早日清零
2	南京禄口机场是病毒传送门么？
2	赶紧去溯源。
0	我的是剑门关 会变换吗
0	解暑又安全。
2	你可拉倒吧。
0	这段时期从南京到上海的得有多少人，一个没查出来？
1	积极迎战新一轮疫情挑战，加油！我们能行！[爱你]
0	然后呢，该感染感染该隔离阿
1	不错，不错[笑哈哈]
0	与时俱进战疫情
2	为了卖弄在日本优越感
2	感觉很严重哎
1	希望尽快结束吧[心][心]
2	变异毒株，好害怕啊
2	可怕的病毒咋越变越厉害了啊？真的很担心，担心街上没有人。
1	太好了，河南没有新增了！河南保持住呀！江苏加油，湖北加油！
2	肯定还有更早的，病毒不是横空出世，只是之前感染效率低，后果不严重没有引起重视而已，这个溯源要慢慢查，很支持。这类新闻下面那些个瞎掰扯的就老实会儿吧，我们国家的科学家从来没像你们这样满口跑火车过，想玩政治去其他新闻下面扯去，找村口大妈掰扯你们那些阴谋论最合适。
0	打疫苗的意义是什么？
1	感谢蓝天救援队的付出，看到队长牺牲泪目了
0	严防严控严检严隔离 有接触有同行必隔离必报道 戴口罩保距离勤洗手拒传播
1	我的熊猫在杜甫草堂好几天了[偷笑]
2	这人是怎么想的？能不能放过大东和铁西？
1	[good]
0	最早十月16日
1	打过两剂科兴疫苗十几天了 昨天测试抗体全部阴性[笑cry]
0	以后留学会越来越少的
1	中国抗疫值得点赞[good]
2	各种证明，，...[费解][费解]
0	从开封到郑州需要核酸证明吗
1	这些医护人员真不容易！天天面临危险[鲜花][赞][汗]
0	终于要结束了
2	一波未平 一波又起
1	胜利的喜讯已然来临，很快就要恢复正常生活啦
1	抗疫一线，父子同心！
2	长期这样下去真的很疲惫啊！不过还是要坚持下去
2	广东60的人都不能打 ！怎么打
0	想知道中国目前的疫苗对这个病毒有用吗
1	[心][心]
1	辛苦了 为了抵抗印度变异毒株作出了重要贡献
0	大家共同的努力，武汉全域均为低风险区。
2	要用日语发，还能让人看得起，用中文搁这蹭，鄙视[鄙视]
0	医护人员也要保护好
0	老人家命大福大！活到百岁！
2	[白眼]看吧...
2	输出近10亿支疫苗，一声响都没听到，唉……
0	外地低风险回郑需要核酸证明不了
1	可可爱爱[爱你]
2	没错南京也这样后面好一点了 真是不自觉
1	辛苦了我已经有金边防护啦[打call][打call][打call]
2	没文化真可怕
0	人人都是责任人，个个肩头有担子。让我们主动扛起个人责任，自觉做好自我管理，严格遵守防控规定。
0	新冠病毒是甲类传染病，违反传染病防治法规定，引起病毒传播的当事人是要追究法律责任的。
0	阿尔法都出来了？
2	刚从呼伦贝尔回来准备隔离现在沈阳又不安全了[泪]
2	怀念天天报追踪云南大象踪迹 太空员动态的日子了，现在不是这个城市新增就是那个城市发现感染者[挖鼻][挖鼻][挖鼻][怒][怒][怒][怒]
0	我的在三星堆呢
2	二七区长江路街道，做了6轮核酸检测，已经封闭22天了。[泪]
0	国内疫情形势还是严峻
0	我奶奶都打了
2	沈阳zf比南京zf有用，起码不总开会，办事效率高！！！
2	南京疫情扩散得很严重！
0	希望新冠肺炎早日结束
1	[good][good][good]
0	31省区市新增13例本土确诊病例。
1	生死时刻真的是非常感谢他们
2	老人打了，孩子不到18岁不能打啊
0	可能要开始研究变异病毒的疫苗了
1	峰爆冲冲冲！
1	[赞啊][赞啊][赞啊]
1	武汉加油，希望一周0⃣️添加
2	电竞酒店换个招牌你就不管了？[吐] 电影院能控制50%客源，网吧实名制就控制不了？[摊手][摊手] 包席不带口罩就不传播疫情，网吧实名制戴口罩就是传染源了？[偷笑][偷笑]
1	连续4天无新增，坚持住，胜利就在前方！积极配合疫情防控工作，守护住来之不易的成果[加油]
2	我们小区和附近小区突然全部变黄了[裂开]
1	他爸是两杠三星啊
0	钟院士是不是没休息过，怎么眼睛这么红，他应该多休息的，不宜太劳累啊
2	疫苗的效果怎么样呢？不会转为重症吧！
1	还是很鼓舞毕业生的
0	保护自己 注意防护
2	还是有个疑问 隔离为什么还是要在市区里面的酒店！
1	笑死我了[嘻嘻][嘻嘻]
1	[赞][耶][加油]
0	愿疫情早日散去，我们共筑疫情防控之墙！
0	受“德尔塔”变异新冠病毒蔓延影响，日本的新冠肺炎疫情正在持续恶化。截止22日，日本单日新增确诊病例已连续4天超过20000例，东京都连续6天日增确诊超4000例。东京都知事小池百合子称，东京都新冠疫情已达“灾害”级别。
2	希望病毒都离我们远远的吧，
0	这就是中国力量
2	刚刚买了机票[泪][允悲]
0	荔湾的我整栋楼封了，宅家模式on
2	行程轨迹会公布么？？19.30去大连好担心
1	希望能搞个22价的终极版，加油！
1	[鲜花][鲜花][鲜花]
1	感谢医生❤️ 祝所有的医生节日快乐！❤️ 祝我的姐姐医生节快乐❤️
1	哗[坏笑]好厉害！比大子高怕飞还厉害
2	如果是这样，我们的医疗资源实在太紧缺。
2	日本人说中文[泪]
1	这个好，注意别感冒了[哈哈]
1	愿疫情早日过去
1	期待[兔子][兔子][兔子][兔子]
2	之前有一波是哪个机场出问题的
2	我倒是想打，不让我打啊！
1	[心][心][心]
2	可是他口罩鼻夹那也没带好啊，注重这些仪式感有啥用
1	感天动地[泪]
1	太好了！！！
1	四川健康码真的太可爱(๑• . •๑)，简直超级萌啊
2	快递呢[微笑][微笑][微笑]
1	疫苗已经普及接种，应该比之前容易控制。加油。。。。
0	戴口罩，勤洗手
2	啥时候境外才能没有[泪]
2	我现在是哺乳期，很犹豫要不要接种疫苗
1	那么我大山东是不是[嘻嘻][嘻嘻][嘻嘻][嘻嘻]
2	这个病毒这么厉害。
1	好可爱，好想拥有，快点来浙江
0	如果国外再有疫情的话，在当地躲就行了，就不要回来传播了
1	听钟老的[good]
0	关注[话筒][话筒][话筒]
0	看成了日本0新增，[挖鼻][挖鼻][挖鼻][挖鼻]
2	唉，人生啊！就这样吧！
0	我也来围观一下了解一下
1	真好[抱一抱]
0	河南应该没完成社区感染，有望短时间控制住。
2	可是先前接种的疫苗并不能很好的抵抗印度新变种病毒
1	真的让我感到无比的开心 好样的
0	应该有答案！
1	辛苦了 大白
1	医务工作者太辛苦了[抱抱][good][good][good]
0	希望全世界追本溯源，找出真正的零号病人。也会找出真正的凶手。
1	中国人民加油！
1	哇塞，这个真的很有创意啊，很好看。
2	曹尼玛 有完没完了？天天搞，生意还做不做了？房贷还不还了？
1	拍的太好了[泪][泪][泪]
0	9月1日，奥地利新任驻华大使利肯到国药集团中国生物北京生物制品研究所调研新冠疫苗研发生产情况。奥方表示，愿与中国生物在新冠疫苗领域进行更深度的合作。
2	做好个人防护，不过最近太热了[允悲]
2	南京疫情防控工作出现重大失误，真坑了全国人，求追责
0	可是有些规定不允许呀
1	[赞][赞][赞][打call][打call][打call]
0	第二针间隔多久
0	隔离酒店工作人员的工作模式是怎么样的，是否有漏洞？
1	这把年纪还奋斗在第一线[鲜花][鲜花]
0	抗疫一刻也不能放松！
1	不愧大广州[good][good][good][good][good]
0	封闭小区什么时候解封呢？
2	都快忘了不戴口罩的日子是什么样了，现在看到以前的视频，脑子里第一想法就是没戴口罩啊，唉什么时候是个头啊??
0	不是说未成年人不能打吗？
0	还在竹子上趴着在
0	准备带老人去打了
1	刚从三星堆跑到剑门关去啦[偷乐][偷乐]
0	身份证丢了咋弄 能打不
1	[心][心][心]
1	漏夜检测，一晚上3.5万，广州防疫真高效[赞]
2	完蛋，看来上海之行又要泡汤了
2	那为啥广州中医药大学还在封校[汗]
1	夏天最爱去云南，看满街穿恨天高的美女，云南加油！[二哈]
1	[心][心][心]
1	不得不佩服，执行人性化比北京强的不是一点半点
2	卧槽，机场那个疫站快建成没？
0	打完两针了，我咋还没有熊猫
2	不打不让上班进园区回家进小区[吃瓜]
0	简单的正压服挺好啊
1	[good][good]
2	以前以为新冠是短暂的疫情，现在才发现他可能是常态
1	[打call]
0	美国接受不了自己成为令一种“世界第一”的事实。
2	武汉军运会，美国草莓兵。
2	看不到希望了[泪][泪][泪]
2	处罚得太轻了！到现在还有一大批医务人员和抗疫工作人员还奋战一线。作为定点医院的工作人员，我们医院许多人已经一个月没回家了，一直封闭管理，住在酒店。[泪]
2	香港已经足足封关了19个月，香港已经很久没有个案了，什么时候能恢复通关？人生有多少个19个月？
0	防疫防火不松懈
0	行动轨迹有么？报新闻的时候能不能拿点资料再煲出来？
0	大家都要了解一下，德尔塔病毒的密切接触者的概念更新了！！！
0	现在都是越来越好
2	又是境外输入[失望]
0	关注[话筒]
2	欧洲早就有了，人家不报，然后中国人实在，甩锅给中国了
1	广州挺住！！
1	[赞][赞][赞]
0	现在离开南京还需要带48小时的核酸检测吗
2	生命中有些残缺的片段会被遗落，时间有的是可以找回的，有的就永远消失在哪里，我们都不知道。[嘘]
1	神速[鼓掌][鼓掌][鼓掌]
1	点赞点赞[爱你][爱你][爱你]
1	团结一心，少出门、戴口罩、勤洗手、常通风、打疫苗，共同筑牢免疫屏障。加油！
1	这推广应该不错！
2	天，出来旅游的还回得去吗[允悲]
0	地上挖个坑就过来了
0	身处疫区，祈盼早日归零。
0	快全国推广！
0	我们公司在开发区这边很多都是正常上班啊
0	我的熊猫不见了，又恢复了戴口罩的
2	看来不能放假了
2	谁在违法？谁不讲诚信？谁在侵犯老百姓人权？
2	四川泸州也有一例无症状感染者，与禄口机场有关，而且是德尔塔病毒，这大连的三例感染者可能也是德尔塔病毒吧？这次南京真的做了一件冒天下之大不违的事情，真的是欠全国人民一个道歉！[怒]
1	河南不易！未来都好
0	就问一句，什么时候解封[兔子]
2	惊悚[伤心][泪]
1	个位数啦，真好！
1	全国无新增！
2	请大家一定要警惕疫情没有过去，随时都在传染，所以大家一定要积极打疫苗认真防止疫情发展，。
2	外国人不要来[泪]
1	我大广州掂[赞]辛苦晒全部前线工作人员，讲声多谢[心][鲜花]
0	沈阳现在可以出城么？
1	各位数了！冲！
1	可喜可贺[嘻嘻][嘻嘻][嘻嘻]
2	这些人没脸的，你打不着。
1	[鲜花][鲜花][鲜花]
1	身在广州，挺有安全感！棒棒哒！
1	很贴心啊，这样的服务肯定很受欢迎
1	没有本土[鼓掌][鼓掌][鼓掌]
0	我相信还会有后续的阴阳怪气 老外能正常就怪了
2	江苏的拐点什么时候来？？？？
1	向每一位天使致敬！还有我的小伙伴们[心]！
1	[good]
1	[围观][围观][围观]
0	恢复意味着回归，愿郑州越来越好
2	钟老，救救南京吧[泪]
1	真正的大白啊[作揖]
2	暑假了，能不出去玩就不出去吧，别乱窜了！本来现在气候就反常，老实待着吧！别在左啦，老天爷真是怒了！
2	保持住，一定要保持到全面解封啊
1	太好啦！江苏又是一天无新增，这是一个好的趋势。
1	很惊喜哟，都是大头宝宝[awsl][awsl]
0	坚持常态化疫情防控，戴口罩不聚集。
1	多推广！前线人员值得用上好的！
0	人人接种人人健康
2	境外输入啥时候是个头[汗]
0	健康码已经镶金边戴皇冠
0	这个家国天下的责任，
0	没打 打不了
0	商丘什么时候通大巴 孩子要去上学
0	还能济南旅游吗
2	八月中旬能去吗[泪]机票已订
0	积极影响国家号召，全民注射疫苗！
2	: 居家隔离怎么说，已经21天，核酸做了无数次，18号下的文件，符合要求可以放开，现在还是关着不放，政府还有公信力吗？出尔反尔。
2	我的天啊！过百了。
0	没看明白，是按确诊时间而非传染顺序分代吗？文中第一代是谁传染的？是第二代传给第一代吗？
0	老年人有高血压高血糖，高血脂的可以打吗？
0	眼红是不是冠状患者？
0	呼吁为广州财政减负
0	还是金色的分辨度高些
1	商丘加油，快点解封，快点开学，同学们快点来！
0	网吧KTV等娱乐场所什么时候可以开门，郑州那边不是已经可以开门了吗
0	就不能搭个遮阳篷吗？
0	珍惜来之不易的抗议成果，出门戴口罩，一刻不能。
0	广州今年税收已经降到全国排11，来多两次，统计局的报表就难做了。
0	刚打完第二针 我的表现就是手没劲儿
2	在沈阳就给按住吧 别来大连[跪了][跪了][跪了]
1	医生的使命，是披上战衣，奔向芸芸众生！致敬中国医生！
0	钟老的话要听
1	这个二维码怎么那么有创意呀，我们好像没有好羡慕。
0	好的，听院士的话
0	[话筒][话筒]
1	厉害了我的国
0	如果你能承受不打疫苗可能有的后果，那么不打也没关系的。比如说，如果你导致疫情传播，所产生的费用等后果都由你自己承担之类。
0	戴口罩，勤洗手
1	在降了！加油！
1	呜呜呜呜蓝天救援队我知道他们[泪]
0	闭环管理者，那无需太紧张了！
2	太难了吧[泪][泪]
0	个人查验核酸服务点撤除，这是啥意思呢？说的不太明白，是离郑不需要核酸检测和离郑证明了？
1	武汉疫情防控确实做得好！
2	发微博说话不好听的也纳入征信如何？
0	愿早日好起来
1	[心][心]努力实现自己的理想吧
1	戏剧幻城 真的值得 李家村剧场很震撼 看的过程中哭成泪人 作为河南人真的能感受到演员要表达的东西 老库房剧场 可以蹦迪的剧场 这个剧场当时看了两次 现场真的嗨 天子驾六遗址坑两个演员撑起一台戏 台上演员超有礼貌 结束的时候跟观众一一挥手道别 幻城 一个温暖有故事的剧场 有时间 来看看吧[打call]
1	为研制人员点赞
0	慢慢大家都接种
1	[鼓掌][鼓掌][鼓掌][太开心][太开心][太开心]
2	太可怕了，做好防控[允悲]
1	[赞][赞]
1	大广州太棒了，医护人员辛苦了
1	[good][good][good]
0	这么老了，还是多让年轻的科学家发发言吧。
1	真是好消息[打call]
0	快看你的熊猫在哪
0	为什么上新了后反而熊猫回到没接种疫苗前啊？
0	他爸爸怎么样，结果阴性吗？
2	最近各地居委会最重要的工作就是打电话叫人去打针[doge][doge][doge]不知道谁留了我的电话 上周接了四五个
2	快点好起来啊！
1	[good][good][good]
0	跟密接轨迹交叉的都让隔离了
0	俄罗斯以最快的速度解决乌克兰，在针对西方列强，做出制裁，如果拖着，让自己更加被动
2	这场大流行何时是个头，很想摘口罩呀，我估计再过5年都搞不定
2	好好上班，还贷款。灾情再大，也大不过银行呀[允悲]
2	德尔塔+貌似也已经出现了，这病毒真的是防不胜防[doge]
2	荆州站的不处理？当时旅行团从张家界来，张家界已经疫情爆发了，这些人是怎么进站的？他们不进站，湖北就不会爆发这轮疫情
1	你们真的是辛苦了
0	希望疫情早日结束
2	可惜美国等西方不会信，也不会让西方世界信
0	疫苗有多大作用？
2	新增一例哪里的？路径有什么？通报说得不清不楚
2	口罩反了[费解][费解][费解]
1	形象卡通还很可爱
1	感谢迅速反应，安全感大大滴
0	托管都停了，幼儿园不停课吗
0	为什么关东山街道事？
2	天河区河水大街有吗？我第一针已经打了五十多天了[允悲]听说五十八天就过期了
2	到底什么时候解封啊[泪]
0	大连这个外地返回，是南京吗？
2	这都是美国搞的，他们不想让我们举办冬奥会
1	早就已经打了！必须听钟老的话，希望钟老也能多休息休息，感觉钟老一直在为国家为人民奔波着
1	哇哇哇太可爱！！！！
1	果然小伙儿面相就非常端正[good]
1	这群人才是最温暖的人
0	海珠哪个小区呢？
1	好漂亮[憧憬][憧憬]
1	我们胜利了[悲伤][悲伤][悲伤]
0	这青岛还能去吗？
0	卫健委，计生办，名声臭了
1	辛苦你了谢谢你
1	辛苦了，您们辛苦了！！
0	那么确诊病历都需要住院治疗吗？治疗周期是多长时间？治疗流感的药物治疗该病有效率怎样啊？
2	快递啥时候能正常[裂开]
1	[赞][赞][赞]
2	昨天去郑州准备回昆明，结果进不去机场，扫码是红码，让回尉氏，结果也差点回不来，要离郑证明[悲伤][悲伤]
1	平凡的英雄[赞][赞][赞]
2	要求7.7日从南京回沈阳的就必须报备！她的飞机经停南京，沈阳机场为什么不检测不隔离？她回来后自己也不报备还到处溜达，这样的是不是应该追责？
0	是无症状转的还好
1	祝福你们，会越来越幸福的！上天会眷顾你们！
1	只要用到了实处我就觉得非常厉害
1	为制作这种新型防护服的科技人员点赞！你们把为人民服务落实到实处。
2	要求7.7日从南京回沈阳的就必须报备！她的飞机经停南京，沈阳机场为什么不检测不隔离？她回来后自己也不报备还到处溜达，这样的是不是应该追责？
0	出门戴口罩，配合查验“两码一证”。
0	这就是现实啊
1	[心][心]
2	说的对。三岁以上啥时候能接种？着急
0	打完疫苗尽量不要剧烈活动
2	希望人类能过了这一关！
1	请爷爷放心，我早已打完疫苗，现在在等几个月后再打一针加强buff[哈哈][哈哈][哈哈]
0	隔离酒店不应该设在人多的市中心，太容易中招，传染又广又快
0	在中国不与德尔塔共存是因为有一群人在阻击德尔塔，不要以为岁月静好。
0	天府国际机场，我都收集齐了12款熊猫了
1	老传统，上阵父子兵！[赞][赞][赞]
0	现在重点是全民打疫苗，病毒是拦不住的。
1	峰爆冲冲冲!
1	很放心，谢谢您[鲜花]
0	健康码可以通过人工修改的
0	还是坚持严防死守吧。病毒变异，疫苗也跟不上。
0	基本也就这个规模了，再查一圈估计还能冒出来几个，但范围就这么大，而且大多数打了疫苗。
1	我是九寨沟[嘿哈][嘿哈][嘿哈]
0	我党说了，没有任何人会因言获罪
2	疫情滚粗拆拿
1	学医的第10年，依然没经验、依然能力有限、也依然清贫，但能把人生意义锚定在显而易见的日常中，便没有后悔过[拳头]
2	南京那几个人打扫过的客舱都可能会传染！！
0	这样的小伙子国家能不能给点现金奖励
1	辛苦了[心]
2	一条鱼腥了一锅汤
2	缅甸多人偷渡呀！，都是大山，防不胜防
0	很快就会好起来的
1	终于盼到了这个零[太开心]
0	什么时候开学
1	这酒店老板想不发财都难啊！
1	加油 做好防护
0	孩子还没有打，没有通知让打呢
0	越来越少了，本月估计就能清零了
2	现在就担心疫苗是否真的有用？瑞丽之前几次疫情，已经是全民接种了！
1	[牛轰轰拥抱][牛轰轰拥抱]
0	人往往就是这样，在家的人总是想象着国外有多好，可是到了外面才知道能给自己提供幸福港湾的只有自己的国家
1	[赞][赞]
0	稳住，月中能不能出差就看这波了
1	感觉特别有意义，而且追求颜值的人应该是好喜欢呐
1	大河南没有新增的了，太好了
1	哇，这吃的，可以
1	太空服[哈哈][good][good][good]
0	花都区还有没有
1	武汉必胜湖北必胜
1	[good][good][good]青年榜样
2	快递可以恢复了吗[泪]
2	有些人就喜欢到处睡，尤其是下铺。不是始发站的下铺都被睡过，不管之前有没有人 。
1	终于解封了呀！
0	4月就打完第二针了
1	太空人哈哈哈[哈哈][哈哈][哈哈]
2	现在的疫苗还能起多大作用
0	这才是真专家权威说的话，这才是我们要重视，要听的。而不是某网红医生三天两头哗众取宠。
0	明个能出门了喽不
0	今天才知道还有医生节
2	这种钱也敢赚是因为有爹妈在天上罩着吗？
0	我想知道广东这次疫情有多少人打了疫苗还被传染了，打过什么疫苗？
0	回来了吗？又下大雨！
2	新疆3例要提高警惕！
0	长垣是厨师之乡也是医疗器械之乡
2	地铁什么时候才能通，绝望，上班狗，真的绝望了
0	这就是中国人凝聚在一起的力量[拳头]
1	你是中国的骄傲！
1	冬天还得保暖，继续研发[赞]
0	入境需隔离30天
1	太棒了吧 真的好好看呀！特别的有趣呀这样子
1	哇，好可爱呀！
1	[心][心]
2	现在都不用看西方媒体，没有一个好东西！只管骂、只管锤就行了。什么时候咱们的拳头真正的硬了，打到它们头上疼了。才会说咱们的好话！！
1	有幸在开园两个月中去了两次[泪]没有逛过晚上的幻城，希望很快可以再见[爱你]
2	我们进口冷冻食品监管的也发生过几次进口冷冻食品阳性事件
1	降下来了，加油
2	缅甸的不要回来了！
2	入境要看管住啊
0	团结起来共同抗疫，疫苗能接尽接。
1	[作揖][作揖][作揖]
1	[鲜花][心]
2	还有那么多新增好心就取消长假行不行啊[微笑]
0	为什么还能查出来？是从外回来的还是怎么的
1	重症八仙！！！偶像！[打call]
1	小红花[小红花][给力]
2	有点烦[二哈]
0	我来自广州，我想去云南旅游…
0	抗击疫情 人人有责！
1	我们只能这样安慰自己，复阳的市民估计是体质基因问题[笑cry]没事，中国加油！[加油][心]
2	请保障好瑞丽人民全员居家隔离的物资供应啊！拜托了。
1	这一幕幕画面真的是让人感动呀
1	非常放心！学校早安排打好了，我还好，没什么不良反应……早到早安心
1	武汉加油，做好防控，不松懈
0	我真不懂爱看热闹的人
1	这就是中国的速度，广州人民的期望，可以将入境的人员集中隔离，非常好
1	这个好。[good][good][good]
0	听说打2剂的科兴疫苗打第三剂后抗体增加十倍，最好抗疫一线工作人员先打第三剂，产能上来后开放自费打第三剂申请通道。
1	太好了，终于变成0了，江苏早日恢复正常！
2	一定要严禁洋垃圾入境，新冠病毒的持续变异，变种才是最要命的，指望疫苗的长期有效根本不可能！
1	快好起来[心]
0	龙湖啥时候解封啊，都二十天了
2	这个20e本来是高兴的事情，可是到了基层完全成了硬性要求。不打不让去公共场所，孩子不能上学...仿佛成了罪人[怒][怒][怒]
2	这段太让人心疼了
2	太厉害了，我现在在以身试毒[泪]看看疫苗能保护我多少...
1	[加油][加油]
1	旅行健康码 真的是太可爱了我也想拥有 好心动呀
0	病毒变异迟早要突破疫苗的防线，所以我认为疫苗的研发速度也要跟上。疫苗加严格防控措施，还是能够战胜疫情。至于国外，管不了，适应不了的就淘汰，让他们自生自灭吧。
2	想骂冯某的，骂吧，他值得[doge]
2	不敢打，怕有后遗症，中老年[疑问]
0	防控疫情，众志成城。坚定信心，静待花开。
0	都打四针，五针了
0	……不要激动，人一下飞机就被控制治疗了
1	这速度！只有中国才能做到！
0	双黄连要继续吃吗？钟大夫。
2	终于开了。。[裂开]
1	再观察他十天半个月，就可以解封降级了！
0	可以救治更多的人。
0	小胖不要薅头发
0	我这断句…！断的。日本确诊？0增加。我还在想前两天不是破万了吗？[允悲]！
0	到北京的车什么时候恢复呢？
1	[赞][赞]
1	中国速度，感谢国家让我们没有后顾之忧
1	感谢国家的强大，感谢医务人员的付出。
0	以后也许会出一个词，叫疫情后。
1	好快啊！一般无症状直接控下来总还是安心的！
1	点滴汇聚，向光而行！[加油][加油]
2	希望江苏河南尽快控制住数量了，已经毁了暑假，不要再毁开学啊
2	疫情快过去吧，唉
1	辛苦了[心][心][心]
2	[感冒][感冒][感冒]
2	看来问题严重了
1	[心][心][心]
0	现在有必要的事情出沈阳有什么要求吗？
0	南京大学什么时候开学？
0	啥呀？广州的信息呢？
2	已经严惩了，祖孙三代前途都被毁了，全村人也跟着倒了霉[允悲]
1	幸好我三针都打完了。完事~
1	真正的英雄[作揖]
2	呵 能不去就不去 扒衣就不好了[二哈]
1	扬州加油[心]
1	好家伙[good]
1	厉害了我的国[赞][赞]
2	他是几号到达沈阳的啊？？？
0	阔别重逢更加热爱
2	哈哈哈 还是很恐怖的
2	那就是60岁以上的老人和16岁以下的孩子到底能不能接种疫苗？？？
2	还把隔离酒店放在市区里
2	堵源头，禁外境，广州好受伤了
0	大家也可以关注一下
0	感染者在卫生间打一个喷嚏可以喷出成千上万个病毒，方圆五到十米一秒就可以中招
2	现在疫情这么严重了吗
0	开放的世界，中国免不了有境外输入！
2	好不容易八月放能放几天假 [二哈][二哈][二哈]然鹅都出不去[允悲]
2	疫疫相报何时了，唉。严控。
2	开封到北京的高铁什么时候通呀[泪]
1	武汉的未来值得期待！
1	真的好萌啊！！好喜欢这个大熊猫[打call][打call][打call]一起去游历吧
0	世卫组织可以关注一下
0	实现全民接种
0	这个会变吗？还是一直就是同一个？
2	什么时候明确解除“非必要不出省”。[裂开]
2	道歉！！！！！！！！！！
1	变得“胖胖哒”哈哈
1	不愧是中原[赞]
0	他们为了拯救生命争分夺秒啊
2	有没有路线图
0	疫情一日未结束，应该都要落实不戴口罩的处罚，这样对个人，个人对他人，对社会都是一种保护，一天到晚按个人自由，随意戴与不戴既不能保护自己又不能保护到他人和社会，疫情未结束，每个中国公民都应有责任，而不是将个人不好的行为造成的责任要另医护人员不断加班无了期时刻上班，医护人员不是铁造的
1	好消息[太开心]
2	想知道扬州9月份的计算机考试会不会延迟。。。
0	不是已经辟谣了吗。
1	[good]辛苦了
0	早日清零，平平安安
2	[汗]那不是之前不让老年人打嘛……7月才开放呢……
2	心凉，云南还靠着东南亚国家[泪]
0	要是能所有的地点轮换就更好啦
0	九寨沟 一直不走呢
0	[话筒][话筒][话筒]
1	[赞][赞][赞]
1	辛苦了钟爷爷
1	大家一起加油，一起努力！
1	太好了！一個一個陸續開始解封了[赞][微风][中国赞]
0	那些特殊人群不能接种疫苗的怎么办
1	广州越秀速度点赞
0	徐某830-904在酒店居住，那期间是否有外出？
0	快快快结束吧 孩子想上学 异地的小情侣也想见面 为国家结婚率做贡献不是[doge][并不简单]
1	今天冒着大雨去饭店搓了一顿，吃的饱饱的[微笑]
0	国家免费打疫苗，国民配合不是应该的吗？国家不是为了全中国人的健康而在努力吗？多少外国人羡慕我们中国人，有的人打了疫苗不感恩还说怪话，身体有原因可医院出证明不打，要是有的人随便一点小原因就借口不打，我们全体国民的安全又从何而来？
0	请问在家隔离的时间还没到能申请解除吗？
1	大家加油！全國免疫指日可待！加油！
2	[泪]活着太不容易了
1	喜欢新鲜小熊
2	我的天啊。牛！
2	扬州今天又是36例
1	心态决定状态，眼界决定境界，心胸决定格局，格局决定命运[赞]
1	江苏加油，越来越好！
1	太好啦！中国干啥都成功！
0	继续保持下去
0	距离第三针已经超56天了，也不知道什么时候可以打
2	这是有多缺爱
1	太好了，想去郑州玩
1	[赞][赞]
0	自觉接种疫苗，做核酸检测，对自己和他人负责。
1	好人一生平安！！！
0	祖国为了人民付出了太多 从不宣传
2	为啥还没行动轨迹
0	南京疫情以后，应该会得到更准确的结论。希望不要把防疫政治化，资本化，这是医学问题。
0	我的绿码已镶金边
0	注意安全问题
0	值得关注一下哦哦
1	拿捏住了[允悲]
0	留过学的知道不容易啊，以前公知大V蛊惑外面多么多么圆，家长们都受蛊惑把孩子送出国念书，我身边有出国留学回来找工作还不如一直在国内念书的，还有出国留学自杀的
0	是否实现免疫屏障的真实实验！对能否对外全面放开有重要参考意义！
0	想知道机场怎么办？是不是外国人一下飞机都要被隔离？隔离多久？离开时会经过候机大厅吗？这么多人，有一个病毒携带者进入机场候机厅，整个大厅都废了？
2	到底什么时候解封，能自由出入个地不用核酸报告，快递到底什么时候能正常收到
1	[中国赞][中国赞][中国赞]
1	快好了[泪][泪]
0	地铁要是能恢复就更好了
2	人工病毒？自然界病毒进化变异应该非常非常的慢吧？
2	天呐，大家都要平安啊
0	动态变化，适应病毒的发展
2	不容易啊。辛苦医护人员了。
1	这种防护服设计别致，新颖，还兼顾医护的闷热问题，太有创意了，真的像宇航服，或者说借鉴了宇航服的设计。[赞][赞][赞]
1	打虎亲兄弟，上阵父子兵[赞]
1	希望今天继续零增长！保持，加油，坚持到最后就是曙光！
0	戴好口罩，做好防护，接种疫苗，团结一心打赢抗疫战
2	出门记得戴口罩！
1	[good][good][good]
1	好事啊，不用在市区酒店分散隔离了，这样市区基本就安全了。
2	[汗][汗][允悲]
2	疫情快点结束吧??
0	我们民工服两边挂俩小电扇
1	再挺住5天，可安好。（收官阶段更要谨慎，特务是狡猾的）
2	在省外打的疫苗能拥有吗[失望]
2	大连新增3例本土无症状[傻眼][傻眼][傻眼]
0	严防严控 珍爱生命 戴口罩保距离勤洗手拒传播 有接触有同行早报道 守候生命 维护民安 保护大地
1	[good][good]
1	胜利一定属于英雄的武汉人民
1	尽快一起苗苗苗[鲜花][鲜花]
1	真的是太可爱了吧，很有创意的想法啊
1	[哈哈][哈哈][哈哈][打脸][打脸][打脸]
0	从韩国日本来的应该隔离一年
2	不能列个表吗？看得好累，不直观。
0	可以推广，夏天穿防护服太热了
1	[赞][赞][赞]
1	祖国在真真切切的保护每一个人，感恩。
2	世界末日了。
0	摸着石头过河，有效保护率是关键。
2	过敏性荨麻疹不能接种[泪]
2	我想知道沈阳还可以去吗？有一场考试[泪]
1	没有什么是火锅和烤肉解决不了的，如果有，就多吃几顿[哈哈]
0	扬州、郑州、武汉
1	救命！好可爱还有创意啊
1	羡慕啊真有创意 好可爱
0	什么时候不用离郑证明和核酸检测啊
0	能不能建一个有空调的彩钢房
0	还没开始给60岁以上的预约接种。
2	这还咋去沈阳了……原本都订好了
1	辽宁稳住，加油[加油]
0	服从安排，维护大局，共同努力打赢疫情防控狙击战。
1	应该再次为伟大的广州市民们致以衷心的敬意，你们才是战疫的钢铁长城！
1	真的太感谢湖北小伙子
2	其实就是武汉世界军人运动会 他们带进来的
0	什么时候住院可以不用做核酸 或者可以探视啊
0	接下来的开学，十一假期 能安心一点了
1	这不比过年热闹？
1	希望中国平安 疫情早点结束[加油]
1	[good][good][good]
2	都戴着口罩，而且还打了疫苗的！为什么还会被传染！
2	什么世道[微笑]
0	之前新闻不是8月16日柬埔寨飞广州有一例无症患者吗？
1	太开心了，好朋友等着呢，峰爆！
0	一个月前就说过了
2	卧槽…码不会变黄吧……
2	这图谁拍的？口罩戴反了
0	钟南山说过去的密接触概念已不适用。
0	同学19年到现在还没出国，先是两国关系恶化，后来又疫情。学校报道期限一延再延，今年下半年最后期限了，准备下个月就走。真的煎熬，去年还斑秃了一块。
1	[鲜花][兔子]
1	医护人员太辛苦了
0	还好重症目前不太多，希望早日康复
1	奥利给[给力]
0	之前打宫颈疫苗错过第一针 后面在哪里约啊 现在都在打第二针
2	可是特么的进京道路检查站还天天查，查你妹啊！已经足足堵了一个多月了！
2	政府很快又出来指责了，真把大家当绵羊
0	3针还差一针
1	广州加油[鼓掌][鼓掌][鼓掌]
0	也就是说有11亿人最少打过一针。不过这两天接种数量只在600~700万。咱就不和别人比了，反正它们肯定比不过，搞成金汤不破再说。[酷]
1	小伙子就很棒呐[鲜花]
1	隔离酒店的危机四伏，广州建这个健康驿站，大手笔，前瞻性很强。
2	道家云：因果循环，报应不爽
0	封闭小区什么时候可以解封啊
1	太好了[给力]
0	你好，请问深圳康泰能不能和北京科兴，北京生物混打？
0	也就是说九月份过后就不接种第一针了是吗？
0	在公共场合还是要佩戴口罩以防被传播，勤洗手，消杀病毒
1	郑州抗疫情胜利啦！
1	为鼓励大家接种新冠疫苗，四川推出健康码“皮肤盲盒”，此前三星堆、九寨沟、乐山大佛等6款特色皮肤[哈哈][哈哈]接种疫苗也有好看的皮肤，这主意不错[good][允悲][允悲]
2	身而为人，良心不会痛吗
1	战力强悍啊[good]
1	广州，敢为天下先！
2	居家隔离已经21天，核酸做了无数次，18号下的文件，符合要求可以放开，现在还是关着不放，问社区就让等通知在研究，18号到现在研究好了吗？政府还有公信力吗？出尔反尔
1	无人机来助力来了[鲜花]
0	听钟老的没有错
2	一天一个说法
0	老人小孩是重点
1	要看峰爆[鼓掌][鼓掌]
2	南京速度真高，病毒传播的也快
1	[good][good][good][good]
1	[good][good][good]
1	真的比南京那些做官的好太多了
1	终于解封了，真的来之不易
1	辛苦辛苦了，前线的同志
1	科技以人为本[赞][赞][赞]
0	[话筒][话筒]保持警惕！
2	[怒骂][怒骂][怒骂]
0	这才是现代化的中国
1	[赞][赞][赞][赞][赞][赞]
1	[鲜花][鲜花]
1	没本土了，赞赞
1	为家乡点个赞[good]
2	又来了[泪]
1	[鼓掌][鼓掌][鼓掌]
0	不明白这么热为啥要这么防护呢？又不是大面积的疫情
1	这创意真的太绝了，这熊猫也太可爱了
2	有这么多人接种了[允悲][允悲]我在北京打的，老家的村干部还要统计我的数据，这...
2	上一个阿婆感染的源头还没查清楚，这又来了
0	这是喜人数字，我们既要提高防疫意识，但也要避免过度防疫
0	防控疫情，从我做起。万众一心，同舟共济，战胜疫情，一起助力
0	加强疫情防控措施[加油]
0	已经打了两针了，我也在劝家里人去打
0	我爸打了一针康希诺，村里统一组织的。
0	福建一例在哪啊
0	追星这样的星
0	为什么我的不变
2	"商丘啥时候解封，买快递都买不到[苦涩]"""""
0	我打的安徽智飞三针
0	好多都没去验核酸，沒通知到位
0	来 把杯拎起来 陪一杯
1	两针都打啦[good]
2	地铁什么时候开通[泪]
1	这效率[good][good][good]
0	服从安排，维护大局，共同努力打赢疫情防控狙击战。
1	好消息，还得加强防疫。
2	[泪][泪][泪]
1	[心][心]
2	扬州38号 王强直接判死刑！
2	防疫措施没到位呀
2	我想知道 人在广州，打了深圳康泰，现在又不能混打，怎么办
1	[哈哈][good]
0	广州网红打卡点
0	我是个柠檬精罢了
1	沈阳这方面一直都做的很好[泪][泪]不愧是我大沈阳
1	有点感动……
1	可以约上小伙伴出去吃小龙虾螃蟹。现在武汉全域低风险，我们还是要做好防护，积极配合！辛亏疫苗打的早爸妈没烦恼！奥利给！咕噜咕噜喝奶茶！
2	评论乌烟瘴气
2	G4221啥时候开啊？？？
2	赶在病毒变异前，完成全民接种的设计怕是完不成了。那帮渣渣，不打疫苗就地活埋不好吗？强制就强制好了，搞成现在这个样子，什么时候能恢复正常已经遥遥无期了[裂开][裂开][裂开][裂开]
0	他们都打了疫苗没？
0	防疫看武汉，短短几天时间就控制疫情了
1	云南加油[加油]
0	口罩要时刻戴好
1	致敬伟大的中国医生们
2	天…每天新增几十个…[跪了]
2	各省在玩萝卜蹲
0	疫情不容轻视
2	这几位领导一个也没戴口罩哦
1	江宁区的还在正常上班[赞][赞][赞][赞][赞]
1	瑞丽加油！[加油][加油][加油]
0	印度的生活水平不提高.他们的病毒会越来越严重
2	好家伙..这都是哪里来的啊
0	会越来越多的
2	不是说不让测抗体吗？[允悲]
1	姐告替我们守了国门，祝早日康复[给你小心心]
1	防疫工作[握手]
2	监狱能不能科学防疫，快两年了，狱警和家属都已经到极限了，求求快解封吧……
1	云南加油。希望平安过去
0	低风险也要提高警惕、注意防护
2	阿尔法病毒又是什么
0	为全家操碎了心
0	当地居民疫苗接种工作进行如何？
1	社会性设计是最有发展潜力的[中国赞]
0	我打的是三针剂的，最后一针还没有打
2	这个接触的人群有点多[汗]
2	自信点，就是美国制造的
2	太难了，是不是国庆也不能出去了[允悲][允悲]
0	新郑-郑州的大巴开始运行了吗？
0	加快速度加快速度！建立免疫屏障！
1	[good]
0	等9号全域低风险就会逐渐恢复了 不要急
0	她们应该有人保护
2	快递什么时候可以正常发？7号买的锅，到现在都没发货，除了外卖就是泡面[泪]
0	只要疫情没结束，病毒就会不断变异
1	越来越少了，加油啊！
0	厦门那例呢？
0	戴好口罩，减少外出，积极接种疫苗，共筑免疫屏障！
2	感觉境外过来的都是病毒，太可怕了。
1	效率高啊！[赞]
2	没有我[允悲]
1	快开园吧！迫不及待了！！！
0	广州有一例无症状
1	听到了放炮的声音[笑cry]
2	不说别的，日本的社会，日本的人根本不信政府和疫苗，劝他们打疫苗难难难！你想强制？不可能，首先脸不要了吗？怎么能毒菜！而且人民不抗议到想选的人选不上了，怕不怕？
1	河南人民感谢你小哥哥[泪]
1	哈哈，自带空调[赞][赞][赞]
0	美国自己已经不检测了
0	多年做好事，不容易。
2	好多人是看不懂新闻吗？？？南京20号才通报，她回想起自己17号咽喉痛，疫情平稳的大环境下大多数人只会认为是感冒咳嗽吧！有什么好杠的！
2	我[泪][泪][泪][泪][泪]
0	讲变种的传染性大家其实没什么概念。但是看视频后半段，讲广州疫情中疫苗保护效力的问题，才是大部分老百姓最关心的
1	加油加油加油我们是最棒的
0	"看了国外的疫情啊还是我们中国好不过现在疫情还是很严重出门大家一定要记得带口罩 <a href="">网页链接</a>"
0	很久了，每天经过都没有开通
0	防疫防控不放松
0	国内疫情管理太棒了。在国外就只能赶快打疫苗保护自己。但是那么多人不愿打疫苗真是看不到曙光。
0	三针[吃瓜]
1	4天无新增了，继续加油呀！
1	中国创举，抗疫先锋。[中国赞]
1	疫情一定会结束，武汉必胜
1	祝早日康复！
0	我觉得我们为了自己的安全，一定要好好的做好防护措施
0	1岁孩子可以打吗
0	那几个希腊字母够用不
2	嗯~这是好消息~我得泡壶板蓝根庆祝一下~必须是复方的那种...[允悲]
1	呀太美了[太開心]好想也去呀！
1	不错，看医护人员的表情都是轻松的！应该多替她们解决一些实际性的问题！她们很辛苦！
0	以后口罩是常备品了，刚购了200
1	平凡的英雄[悲伤]
0	越压制 越变异
2	范围扩大了许多[摊手]
1	小胖球，站起来走走呀，你住九寨沟了吗？[笑cry][笑cry][笑cry]
2	一直都说杭州的接触怎么怎么样，那这个人在广州没有密接没有轨迹？[晕]
0	人在做天在看，做过就有痕迹[吃瓜]
2	这……好像不是第一个落地外国被检出阳性的了……到底是国内外检测标准不一样还是怎样呢？说在国内一直是阴性，然后坐趟飞机一落地就阳性了，有点扯啊……
0	没有人生而英勇，只有职业和使命。
0	希望疫情尽快过去。
2	[允悲][允悲][允悲]
0	希腊字母不够用了
0	希望十一长假能出京！
2	所以谭德塞还要继续黑世卫的科学家不？[doge][怒]
1	厉害了，强制的效果就是好
2	我要上学[泪][泪]
0	在河南抗洪疫情中，舍身救人的人士，应该得到政府的嘉奖！
2	漂亮国就是世界之癌，连同它的老祖宗英国狗及其五狗联盟，从祖上就开始经营殖民掠夺，不除掉昂撒白皮猪，世界永无宁日。
0	封校中，勿cue
0	今年的网购火车票有啥变化
1	[笑cry][笑cry][笑cry]
2	二七区长江路什么时候解封啊天，都快开学了[悲伤][悲伤]
0	三角市市场附近的大东街社区核酸排查，周一上班时间到15点就收摊了，全面吗？
1	太好啦！！！
2	关注一下四省一建停考，求求了
2	监狱干警要精神分裂了 几百天没有本土就是不让回家
0	没事吧 检测都是阴阳
2	德尔塔1260倍？？？
0	为啥不打包带走呢？
0	预约说超年龄了
2	我们这种基层的绝对用不上这种高端货的，卫健委发下来的防护服都是一言难尽，更不要说这种高端货了，我们用不起，我们不配
1	兵来将挡水来土掩，广州不怕的。再次印证，疫情没结束，大家都警惕！把每个环节都盯死看牢，不能有任何疏忽大意。
0	一定不能隐瞒或者谎报行踪。
1	哇塞哇塞，这也太优秀了吧，暑假就去看看我爷爷的健康码是什么
1	必须有金边啊，我还有小狮子哩！！嘿嘿～
1	[鼓掌]大家可以放心约起来啦！
1	与时俱进[good]
2	又降热搜，渣浪，有点良心吧
0	大家一定要戴好口罩，做好自我防护
1	广州加油，中国加油！
2	大连这个如果病毒和南京同源，就说明溯源更困难了。
0	我觉得不要纠结是谁的了，这是全人类的共同敌人，美国说中国的，中国说美国的，不如共同合作消灭病毒
1	谢谢你中国医生[鲜花]
2	不作s就不会s，无耻至极
2	离郑证明 四个字是 有什么隐晦吗，明确 要不要 这2个字 这么难吗，天天看你们的通告，云里雾里的
1	广州挺住，广州加油！
1	已经注射过了，全世界最安全的新冠疫苗−中国疫苗
1	很难不点赞[鼓掌]
1	致敬中国医生！
0	不管白猫黑猫，能抓住老鼠就是好猫。摒弃争议，专心抗疫，才是各国政府下一步该做的事。
2	米国根本不在乎研究结果，他们自以为说哪就是哪，他们已经被困在自己的政治体制里，玩的不亦乐乎。
0	有些人身在福中不知福
1	越来越少，加油！
1	加油啊，期待未成年人可以打的通知，我家18+成员包括老人都打了，我老公高血压打了也没事，还是打了放心。
0	一共22例阳性患者？
0	为何未爆发？
2	不给疫苗数据，特别是不良反应方面的数据，却要小孩子也打疫苗……
0	安全措施真的是太重要了
2	西安领导办事能力确实有些令人怀疑，明知道新冠一米是安全距离，集中排队一米做核酸这可能安全吗？不能避免人在走动的时候走得慢一点有的快一点就已经超过安全距离了，竟然会出现有的排队做核酸时被感染，作为领导只会喊口号。这不是批判领导而是造成的损失太为惨重。对西安以及中国的经济造成影响。
0	境外是怎么进来的，能不能不让他们进来，要进来的先自费隔离两个月行不行？
2	可能牛马那个兽药可以以毒攻毒[允悲]
2	能不能不要给人家小姑娘压力，已经很优秀了，发这个热搜上去，有毛病啊，找骂，政府也得管管你们了
1	相信风险地区已经变得安全了
0	这周清零有望
1	祖国万岁[鲜花][作揖][作揖]
2	我总觉得我的身体还接受不了它，怎么办？打还是不打。
0	广东哪个地方啊？
0	沈阳，防控别大意
2	我靠，直接关闭通关开口不就好了？
0	外防输入，敢问位于钟落潭的广州国际健康驿站的5000多个房间什么时候可以正式运营？什么时候广州市区内的隔离酒店能全部回归正常酒店，不再接待入境隔离人员？
1	都是最伟大的守护者。
2	新浪是不是要跟林生斌一起吃人血馒头
2	想八月中旬从杭州到云南，想要去丽江香格里拉昆明，安全吗[泪]
2	在沈阳就给按住吧 别来大连[跪了][跪了][跪了]
0	猜一猜，十年之内可以解决这个吗？
0	南京来的那个呢
1	[good]
2	南京这次真的是。疫情防控把控不严，搞的国内新发好几个
1	[good][鲜花]
2	越秀人表示惊恐，周末想回家来着
0	31个？省？
0	积极接种疫苗，做好个人防护，共筑免疫屏障！
2	云南啊，真是前线啊，那么多输入病例[允悲][允悲][允悲]
1	向每一位医护人员致敬！ 还有我的几个每天不是在病房就是在诊室的好朋友，你们是我的骄傲哟！❤️
1	可可爱爱大白
0	终于可以打第二针了
1	喜欢这样的环境[色]
0	早日清零，平平安安
2	美国制造了很多病毒。
0	这热搜，清零？所以啥时候解封
0	钟老说得太对了，自己能做到的，为什么要靠别人！
0	8月底去丽江 你们那疫情不严重吧
0	这个流程有意义？
1	而且效率也非常高
1	[加油][加油]
2	……我同事对象医院工作，过敏体质被要求要打，开证明被踢皮球，结果他对象一咬牙打了，结果因为过敏发烧在医院待了一个礼拜了，我同事也请了一个礼拜假，老板都看不顺眼了他了[汗]
2	完全理解不了，为什么国际航班还有，这样什么时候能控制的住
2	我想知道他怎么到沈阳的？？？是飞机还是也坐了高铁？？
2	赶紧开学吧，求求了
2	扬州的火车什么时候通车呀，还等着回去读书呢[悲伤]
0	扬州就快胜利了。这么多天都等过来了！
2	我们附近有一栋楼被封了 有人在那个酒店上班[允悲][允悲][允悲][二哈] 还在等核酸报告检测
1	最安全的中国疫苗
0	境外是怎么进入扬州的？
1	冒雨小姐姐[心]
2	扎好篱笆堵住进来的，严格管控已有的区域，防止蔓延是最重要的。 疫情防控常态化很重要啊！
1	还要再完成全程接种疫苗2亿人！加油！
1	大家一起努力，一起加油啊！
0	希望疫情早点结束
2	这就非常可怕了，我最害怕行程被耽搁，九月中要从白云飞去其他城市，就怕落地要隔离呀[抓狂]
2	“博主精选评论”，唉，删剩下的评论有什么好看的。
0	家里的老人考虑一下吧。
0	广州的疫情发布会还是很快的，被罚怕了
1	[good]
1	钟老又研判了[赞][赞][赞]
0	已接种，健康码镶金边。
1	这种欢乐，好提气[赞][赞][赞]
0	希望这样的科技可以更大幅度的推广
1	[good][鲜花]
0	等9号全域低风险就会逐渐恢复了 不要急
2	我两针厂商不一样，有什么问题吗[衰][衰]
1	祖国，为你骄傲
0	疫情快快过去吧，先回到没有疫情的时候了
0	希望所有奋战在抗疫一线的医护人员都能用上。
2	南京那机场问题有点大啊，一天就2个地方都有确诊，能不能靠谱点啊！那些个领导是不是先拉出来追个责？
1	加油！生活马上恢复平静！
1	[鼓掌][鼓掌]
2	昨天晚上看还是绿码，今天早上就变成黄码了[允悲]赶紧来做核酸检测
2	实在是太操心了
0	[话筒][话筒]
0	原来水路来广州是直接在船上就地隔离，不用去酒店，有阳性直接送医院[吃瓜][吃瓜]
1	优秀[笑cry]
2	真的假不了，应WTO要求再次重新检测，2019年10月的样本仍然是阳性，证明了新冠病毒早就在世界上蔓延流行，美国赶紧开放让WTO调查2019年电子烟和流感病例样本
2	这些人应该打疫苗了吧？怎么还会得
1	[鼓掌][鼓掌]
0	隔离的时间是不是也得延长呢？
2	徐州市睢宁县防疫层层加码，强行低风险地区返睢人员居家隔离！！！严重违背中央防疫精神和地方防疫政策！！！
1	幸苦啦同志们！[鲜花][鲜花][鲜花]
2	疫情防控还是要时刻注意的
1	相信祖国相信党一定能控制住疫情
2	打疫苗了么 感染者
1	疫情改变世界，解封了就好啊！
1	太棒了，祝福大江苏！[NO][NO][NO]
2	顶不住，所有这些服务行业估计都得要接种加强针……
2	这些即使不用溯源查证都能知道不是真的。那些正能量媒体最喜欢“据”各种“海外专家”“海外媒体”报道，或者有意或无意错误翻译外文原文，然后得出一个很燃很有煽动性的标题
0	那么现在的疫苗能不能阻隔这病毒呢
2	我们这边还没确诊吧
1	"呜呜呜呜梦中情男[开学季]""""[开学季]""""[开学季]"""""
1	中国加油！！！[给你小心心][给你小心心][给你小心心]
2	核酸监检测保持间距呀朋友[冲锋队员][冲锋队员][冲锋队员][冲锋队员]
1	有我！骄傲！
0	21号线棠东站，升降平台的出入口一直都不开放
1	[鼓掌][鼓掌][鼓掌]
1	[赞][赞][赞]
1	非常喜欢熊猫的这个健康码，皮肤好可爱。
0	接种疫苗才是最好的武器！利己利人！
1	哇！这才像话嘛！太可爱啦[心][心]
1	致敬中国医生，你们辛苦了！[心]
2	武汉人真的让人失望
2	请一定要死在霓虹国[并不简单]千万不要回来
1	加油，等到秋天到来时，争取民接种。
0	我是乐山大佛
0	一晚出结果，够快
1	我们不会指责意大利，因为我们天性善良而通情达理
0	江苏举全省之力抗疫的第22天，双城第八个零新增，八月再艰难我们过来了，一个崭新的九月来到了，秋收不远了，胜利在秋前不会在秋后，秋后总结的不光是胜利
2	约了两个月才约上的科二，五号考试，二号小区直接封了，太难了
0	没接种疫苗。
0	我打完了为啥没得旅行熊猫
2	为什么那么多地区撤掉了防疫失责的官员，南京和江苏毫无消息，是在忙着表彰吗？防疫做的太好了？[摊手][摊手]
0	我也来看看郑州是什么情况啊
1	这家院领导有人性，懂得体恤下属[good][good][good]
1	[赞][赞][赞]
2	天老爷 希望疫情早点控制住 想早点面试啊
1	好人一生平安
2	希望你家里有基础病的老人或是你自己将来老了有基础病的时候被拉去强制打疫苗，你也能拍手称快！
1	卧槽，71！！！我种花家牛逼！！！
0	还能济南旅游吗
0	如果是利用空气循环，防护服失去意义了呀[疑问]
2	缅甸就真的很无语
0	快看你的熊猫在哪
2	崇洋媚外的东西们、出去就别特么回来了，净特么添乱[弱]
0	每天灵魂一问 滞留在扬州主城区各快递点的快递甚时候能让快递小哥派送呢 快一个月了的
1	可爱[doge]
0	所以疫苗是白打了吗？要打新疫苗了
1	刚回国！隔离完就安排疫苗[给你小心心]解锁旅行熊猫
0	这个视频就是上个月的。实际上，之前关于德尔塔病株的高传染性，相关的新闻，关注的人不多。
2	我就想知道有没有来过市一医院啊[哆啦A梦害怕]
1	广州这方面做得真的好
2	请问现在去麓景路那间省皮[允悲]会黄吗？
1	郑州，真中！
2	钟老爷您这次官僚了，难道您不知道吗？广州疫苗不足，不是不打，也不是不想打，是接居委会通知，未成年人和70岁以上老人不在疫苗预约中，而且广州疫苗根本不够，至今我都没有预约上，说这些有意义吗
2	病毒起源已经完全变成了政治问题，每个国家都不愿对自己的早期病例和抗体进行调查，因为说不定就会发现比中国更早的。其实从早期病毒的爆发情况就能看出意大利北部和法国部分地区病毒出现的时间绝对不比武汉晚，更不用说美国的电子烟和流感大爆发了。
2	为什么降热搜，渣浪？？
2	5.6月一次，8月又被英国留学生吓餐死，好景不长，9月又来一次[泪]
1	已经吃过了[偷笑]
0	可以没有水印的图当壁纸吗
2	经济不咋地，坏事跑不了了。。。
2	为什么还不发布居家办公，起码靠近禄口的几个镇企业先停啊
1	说得好，中国是最有有担当的[鼓掌]
0	什么时候解封
1	[太开心][太开心]
0	这个应该推广
2	它又来啦[允悲]
0	地毯式排查无症状病毒肺炎患者
1	加快疫苗接种速度，严格管控人员流动，胜利远不久矣！
1	自豪[赞][赞][赞]
1	非常好的消息，连续三天无新增又有治愈出院的，疫情逐渐好转
0	解决新冠和祖国统一那个先来？
0	武汉生物的效果怎么样？
2	钟老，给南京出出招吧
1	这个太给力了[米奇比心][米奇比心][米奇比心]
1	来一波美图[鲜花]
1	这么可爱谁能顶得住呀，我也想要，可惜我不在四川。
1	扬州一定一定要挺住！！！
0	戴好口罩就好
0	江宁区还在每天地铁跨区上班
0	他们这真的太辛苦了啊。
1	工作人员辛苦了！防疫辛苦了！
2	河南许昌集中隔离点不符合防疫卫生标准，有交叉感染风险
2	这一届的扬州ZF真是让我们扬州人民失望！！！一系列迷之操作！！！！
0	希望疫情不再蔓延
2	[悲伤][悲伤][悲伤][悲伤]
2	注意保护自己
2	[微笑] 一个月打一次也没用，国外一直在培养变种病毒，源头根本控制不了，转变思路研究特效药好过啦， 一天一天打疫苗
0	我特别想知道我这种身份证16真实年龄18的打哪种？
2	该死的二鬼子极度反胃
0	打击疫情人人有责！！
1	挺好的 人类智慧哈哈哈哈哈 医护人员都辛苦了[抱一抱]
1	中国医师节快乐！[加油][加油][加油]
2	要业绩，不要脸，各地方都成了疫苗代言人了，曲解中央意图
0	为啥我的熊猫不会动啊，这是玩儿的不想走了吗？
1	太棒了[鼓掌]
0	都呆在家里老实点吧，
1	[加油][加油]
1	本土病例越来越少，真好
2	有的人还未接种新冠疫苗，并且人口流动量大，数字仍在增加，疫情防控万万不可掉以轻心！
1	医生的使命，是披上战衣，奔向芸芸众生！致敬中国医生！
0	还以为要无声无息了
0	政府应该颁奖
0	少出门不去旅游，更不要去国外旅游。华人现在最好不要回中国，以免给祖国带来后患。
1	你们都是伟大的
1	[打call][打call][打call]
0	检测了9次都是阴性，第十次是阳性？是确诊了，还是技术问题？
2	我连第一针都没有打到，小县城疫苗不足
1	辛苦了 有这些新型防护服真是太好了
2	请求管理一下宣贯政策的大喇叭，噪音污染严重，一天天放超级烦躁
2	新疆又有本土感染者了[哼]
2	长途卧铺，中途上车都是别人睡过的
2	酒吧开了，体育馆不开？脑子有粪吧
1	太可爱了吧，好有创意呀，我也好想拥有
2	带错了地方吧，可别吓唬我们沈阳人民了[允悲]
0	有关注日本疫情进展的么？
0	正好可以好好休息
0	江苏明显降了
0	时刻都在关注着疫情的发展。
2	越来越可怕了。
2	最近珠三角局势急转直下，请大家谨慎出行
1	店在哪呀叫什么名字，想去打卡[赞]
1	很感谢鈡南山院士，把现在新冠肺炎密切接触的概念总结、概括得十分具体，即：＂在同一空间、同一单位、同一建筑，在发病前4天和病人在一起。＂席卷全球的德尔塔毒株，传染性太强了。我们必须抓紧注射疫苗，筑起全民防疫屏障，除此无其它更好的防范措施。
0	我觉得复阳的没什么可怕的，身体残留的细胞尸体而已，之前不是都有复阳的，但好像没有感染到身边人。
1	[good]
0	关注[话筒][话筒][话筒]
0	我就想知道北京什么时候能消除风险区
1	太好了，终于等到
0	[话筒][话筒][话筒]
2	低风险了，希望快点解封[泪][泪]
1	江苏个位数了[太开心]
1	感谢你们，感谢为医护人员制造空调的厂家，中国伟大，中国万岁
2	我就感觉纳了闷了，这个沈阳和大连离的老远。祈祷大连平安是什么鬼？大连和沈阳分不清吗
1	喜欢！！文化传播的另一种途径诶
2	不是吐槽，每次疫情都少不了辽宁
2	IgM一直就不是很可靠，pcr更准确。图一已经说得很清楚了，可惜国内相关新闻会一直反复被提及，营销号不会放过的…
1	控制住了，只用了两天时间，牛逼大了
2	三局工地搞什么，还让人去荆门！
0	严格执行各项疫情防控措施，严格做好个人防护和健康监测。
2	南京还两点一线上班呢，同空间，早晚高峰搭乘地铁公交的多少人了，一天四十多例增长。真用心管控了吗？
1	奋进的中国故事还在继续[加油]
0	时刻都在关注着疫情的发展
0	这要政府安排
2	病毒太狡猾啦……
2	完了，我拖后腿了
0	终于唔使身水身汗
2	祈祷大连平安！
1	我的祖国[赞啊][赞啊][赞啊]
1	啊啊啊啊好可爱啊[打call][打call]，什么时候安徽也有皮肤
0	不是老人和未成年人不给打疫苗呀
1	知恩图报，有为青年[中国赞][中国赞][中国赞]
1	越来越少了，疫情很快就会过去的[哈哈]我好想回扬州上学
0	辽宁这边有多少例了
0	防护服正压估计还能减少感染
2	还准备晚上出发，算了，凉凉！
2	我们封闭小区什么时候能解封啊！
0	为了人民的身体健康，所有的付出都值得
2	我们八月十三号的票，昆明大理丽江香格里拉雨崩，可以去吗[泪]，不想退票
1	[打call][打call][打call]
1	好佩服广州的速度呀，太厉害了
1	中国加油放空疫情
1	广州，健康驿站，[good]
1	[赞][赞][赞][赞]
0	两针都打完了
2	禽流感扑杀农户鸡鸭，非洲猪瘟埋农户生猪，炭疽鼠疫，疯牛病，干脆这么办，大家以后什么也不用干了，整天吃药打针，全国人民就养你们几家生物制药公司好了，然后你们专门垄断和开发新的医学学术名词。
0	地毯式排查无症状病毒肺炎患者
0	仅供临床研究用
1	老师好！多互动！[心]
1	这个不错[赞]
1	这个是不是只有去了四川才能够拥有呀 我非常想要
1	速度够快，广州厉害
1	大家平平安安健健康康
0	第三针疫苗可以提上日程了吧
1	这个旅行熊猫真的是太有创意了，真的被它萌翻了
0	“密接”最新解读。
0	广州海海珠区
0	海珠怎么了吗
0	[吃惊][思考]总有办法吧？
1	开心，除了两个小娃，都打了
0	今天女儿学校报道
1	在政府有力有序的防控下，老百姓的积极配合下，又一次平稳度过，武汉棒棒哒
1	豫来豫好[打call]
2	坐地铁了吗[悲伤][允悲][允悲][允悲]
2	商丘解封吧[微笑]
2	十一还要去广州呢[跪了]
2	为什么要7.10号考，7.4它不香吗[跪了][跪了][跪了][跪了][跪了]
2	近期要去郑州。问题是担心回来后还要受到特殊对待。一会儿问问门口保安[允悲]
1	湖南没有新增了[泪]
1	这个二维码真的是太好看，也太可爱ớ ₃ờ了吧[打call][打call]
2	这毫无疑问就是美国人搞的鬼，现在是贼喊捉贼一个劲地甩锅抹黑中国。
0	什么时候解封呀？
1	辛苦了！注意身体！
0	这种也是一次性的.成本高不？
2	低风险地区的景区都开了，为什么有的行业还是让关门，要关到什么时候，老百姓要怎样生活
1	好可爱的熊猫啊，我好喜欢啊，做这个的人好厉害啊啊
0	我贡献了三针。
1	郑州加油[心][心]
0	小胖这么看还挺高
0	背景音乐：今日最新闻节目的片尾曲
2	能不能不让他们来[允悲]
0	让活吗？连花清瘟，板蓝根都没用了？我家里还屯了一些
0	早点实现免疫屏障
0	阿斯利康，强生都属于腺病毒疫苗
2	我到现在都买酒精消毒纸巾，平时买了东西不拿消毒湿巾擦擦总觉得没法拿进家
1	战“疫”父子兵，舍小家为大家[赞]
1	不愧是我国医疗器材和卫生耗材的扛把子
1	广州加油啊，我女朋友还在那边[悲伤]，啊不对，广东人民加油哇[悲伤]
2	[汗]也就是说毒株越来越强，传播越来越快，麻烦了?[费解]
1	嘻嘻，我的是乐山大佛的熊猫[哈哈][哈哈]
1	河南人民浴火重生，有全国人民的支持和自己勤奋的双手，生活一定越来越好！
0	这次数据比人囗普查要真实多了吧
0	我觉得除了那些因为个人身体原因不能打的人之外，不打，有点不太理解
2	超无语 半年前国内打完疫苗来欧洲 结果还要再打两针辉瑞才能给绿码
2	渣浪。？？？？？压热搜
1	真的是太感动了
0	专家说了，疫苗能够预防重症。不用担心。
1	一切都会好的[抱抱]
2	这是你恰烂钱的时候吗！？？？
2	其中有一个住我们这边的，距离太近了，还去了菜市场，超市，儿童公园，现在云霄楼小区都封了[允悲]希望这一轮疫情赶紧结束吧
1	开学顺利[鼓掌][鼓掌][鼓掌]
0	安全社交距离应保持两米开外。
1	很好，也更像大白了
1	真的好好看呀[允悲][允悲]
0	终于变成中风险地区了，希望尽快结束，全部清零
1	欧耶，胜利的曙光就在前方
1	伟大发明啊，怎么还有点可爱22222
2	就他家死人最多就有问题，中国应该坚持溯源到底，全世界都找美国索赔！
0	防火防疫不松懈！
0	上海没有2针的疫苗接种了，只能接种一针疫苗
1	可以看峰爆[憧憬]
2	不明白为什么要限制第二针，第一针想打的早打了，第二针的到期了打不上，拖那么久拖到最后期限。
1	都是最可爱的人
0	希望疫情尽快结束 自由出京
2	车票退了，果断改行程
1	哈哈，好开心
2	该死的阿三！
1	医务人员你们辛苦了!盼扬州早日解封。
1	我國各級政府抗疫能力應該係全世界第一！市民都很放心、很配合！如果對境外進入更加嚴厲就最好了！畢竟，境外輸入對民生、經濟、乃至國人抗疫士氣都有重大的打擊！
2	你当个人吧 真的[微笑]
2	艹[允悲][允悲]两头都给我堵上了！
1	可可爱爱哈哈哈哈哈
0	一切听钟老的!
0	所以现在还能办宴席吗？
0	防控疫情责任大，消防安全也别忽视它~[话筒][话筒][话筒]
2	疫情快过去吧
0	外省人现在能进江苏吗
1	向健康卫士致敬[心][赞]
2	请问网上哪里能够举报从南京回沈阳的人
2	根本就没有苗鸭
2	[衰][衰][衰]
2	现在60岁以上都能打了吗。之前去打疫苗 有个人跟我们一样排了好久的队 结果不能打[允悲]
2	有什么用？美帝说你是就是
2	武汉人民表示我们好惨[泪][泪]我们因疫情而死的同胞又有谁可怜呢[泪]
2	扬州什么时候是头，不清零一直这样高压处理吗？物价涨，工作停滞，不能出门。哪样是能长久生活的模样。
0	这不是精准防控，这是遍地开花
1	向所有奋战在一线的医护人员和社会各界人士致敬！您们辛苦了！[鼓掌][爱你][爱你][爱你][爱你][爱你]
2	这种是打了疫苗也会感染的变异种
2	……………就……[裂开][裂开][裂开]
2	啥时候中考啊[允悲]
1	江苏整体和昨天持平，扬州比昨天多两例，波动不大，南京零新增绝对好消息，压紧牙关，横下一条心，一定要胜利
0	为什么不先保障第二针按时及时接种？却保障第一针的接种？
1	母女俩都好可爱[心]
1	这个赞啊，如果能保证效果不减，赶紧推广起来吧
1	我的熊猫在宽窄巷子[二哈]
1	父子英雄。[中国赞][心]
0	什么时候能解封呢？我还要回洛阳上大学
0	防控疫情责任大，消防安全也别忽视它
2	啥时候解封[泪][泪][泪]
2	唉我也想打，可惜高血压不稳定不敢打
0	湖南怎么也那么多
0	0的5到10倍，还是0。
2	注意安全啊！
2	美国制毒，印度养蛊，卧槽了[污]
2	这是意大利在给外国递刀子啊
0	我没打疫苗，我每天都在家吃莲花清瘟+板蓝根[酷]
0	早该这样，花时间做点有意义的事，比无意义的宣传更能温暖人心
1	太好（可爱）了
1	他们是最可爱的人
1	[作揖][作揖]
0	青城山下胖熊猫~~
0	希望大力推广，夏天太受罪了
2	只想知道，江夏什么时候能解封，这要上班的都要疯了。
0	境外人员应该严查，几次出事都是境外输入
2	这么确信杨的核酸测试结果？[微笑]
1	郑州会变好的！
1	一线人员辛苦了[鲜花]
0	按住就不会是南京，广州稳住，准备过中秋
0	很多老年人都高血压，高血压又说谨慎怎么办？
2	医护人员真的辛苦了。走了一波没多久又来
0	唔使惊 做好防范
1	等了好久，终于等到这一天呀！
1	身为一个中国人是多么的自豪
0	诗和远方会有的
0	陆续都在恢复正常。
0	疫情防控正向常态化阶段过渡。“行百里者半九十”，当前阶段仍要严字当头。
1	为了保美国赶紧把意呆利抛出去[哈哈]
1	蓝天救援队真不错[good]
1	壮哉我大中国
0	国外的来中国的留学生呢...
2	[晕][晕]
0	惊就唔好出门
0	注意疫情防控
2	大家继续注意防护，保护好自己和身边的人
2	国家卫健委说的是“在自愿的原则下，应接尽接，不可以搞一刀切，不可以强制打疫苗”。这种变相强制，不是懒政吗？不是欺压百姓，为完成自己的任务不顾老百姓生命安全吗？
1	坚持定能迎来胜利曙光！
1	钟老[good][good][鲜花][鲜花]
2	现在去沈阳行吗，害怕回来要隔离
1	终于放出来啦
0	说给谁听啊，日本人么？
0	想要的都会有的。
0	28号入境CZ3056（仰光-广州）新增4例，达到10例；28号入境EK362（迪拜-广州）新增1例
2	我自己都没打呢，还小孩
2	学校什么时候才能解封[泪]
1	最朴实却也最真挚[心]
0	本土净增81+5-23=63例，相对前几日明显下降。
0	就，会不会吹感冒了[二哈]
2	又有一例了？
2	盯住德特里克堡。美国既可派军人来武汉传播病毒，也可派商人、或妓女、或黑手党去意大利传播病毒。
1	我的是三星堆 嘿嘿
2	作为湖北人，虽然我不喜欢我的老家，但是还是希望所有人不要遭受病毒的折磨。加油！
2	我有这卡...问题是根本就出不了上海啊！！！！！！！！！我好想出去玩[泪]各种援鄂的福利全都烂在手里了[泪]
0	就提高抗体滴度而言，现阶段最好的选择是一针灭活+一针康希诺、或三针智飞。
0	老看见有人在微博说认识的谁谁打了疫苗有多严重多严重的反应什么的，我都怀疑，他们说的是真的还是领了黑疫苗的任务？我怎么没听说过身边说有严重反应？我妈七十多了，跟一帮七老八十的老朋友一起打的疫苗，没听说有什么严重不适的
1	太棒了，一定要保障我们防疫医护人员的解暑工作。[赞]
2	这个新闻不是去年冬天就报道了？？？我在学校还用电话手表听新闻听到来着
0	还差一针，打了我也有panda了[熊猫]
2	这个推送今天大中午的给我发过来 冷不丁看到吓我一ju灵[晕]
0	不给60岁的老人打
0	科学防疫，战胜疫情！
0	这个全国推广
0	三针疫苗终于可以打了
1	哇哦，看到曙光了，冲啊[太阳][太阳][太阳]
0	钟老红光满面啊。
1	[抱一抱][抱一抱]
1	"致敬生活中伟大的一线工作者啊 <a href="">网页链接</a>"
0	外出，口罩不离口。
0	按照现有诊疗方案进行规范治疗，德尔塔变异株的患者可以尽早康复，咱们一定要保持良好心态，积极配合政府的防控措施，做好个人防护。
2	还不居家办公？？？？？？我真的一脑门子的问号
1	祝早日康复！谢谢大白们！
1	[心][心][心]
1	[赞][赞][赞][赞][赞][赞][赞][赞][赞][赞][赞]
2	啥区的啊[泪]
0	扬州的拐点出现了，希望在前方
1	马上就要清零啦！[赞]
1	盼望着盼望着，这一天终于到来了
0	达到群体免疫了
2	啥时候解封[泪][泪]
2	拿数据出来，不要老是打嘴炮
2	新京报，中国BBC，天天播报内地疫情数据，唯恐天下不乱[二哈]
2	大连这个。。。。
2	咦？山西什么时候确诊了一例[哆啦A梦害怕]
2	缅甸籍这么多，不管管他们？哪里来的回哪里去。
0	你小心点。自己知道就行了，现在大部分都蒙在鼓里。
2	世卫组织就跟“有专家表示”一样，是很多耸人听闻言论的背锅侠[哈欠][哈欠][哈欠]
0	我是其中一个打了的
2	南京机场防疫管理漏洞太大！
0	沃森生物可以紧急使用了没有
1	云南加油啊！
0	放心吧！沈阳是一个福地每次都能有惊无险的过去愿沈阳人民一切安好！
0	总是要好好的欣赏一番呐
2	绝壁徳克立克堡实验室传出来的，我甚至怀疑当年的非典也是美国投的
2	海珠广场可以去么[允悲]
0	越秀上班，住海珠
0	扬州何时才能解封
2	渣浪，有心吗，
2	备孕可以打吗？害怕
1	这个好！之前的医护服太热了，这种凉快哎，还很可爱~
0	江宁快递什么时候好
1	[赞][赞]
1	这个酒店的老板大大的好，格局大是一个好企业[good]
1	致敬暴风雨中的英雄们
0	没戴口罩吗？
2	我当时就在意大利[费解]
2	德尔塔应该改名为：特朗普。呵呵
2	有一个无症状，肯定已有多例了，源头查不到而已
1	真可爱[心]
0	8月16日0—24时，31个省（自治区、直辖市）和新疆生产建设兵团报告新增确诊病例42例，其中境外输入病例36例（云南15例，广东9例，上海7例，广西2例，山东1例，四川1例，陕西1例），本土病例6例（江苏3例，湖北3例）；无新增死亡病例；新增疑似病例1例，为境外输入病例（在上海）。
2	我点沈阳疫情进来的他么的台湾省凑什么热闹，还以为沈阳十多例吓死我了。
2	现在隔离都要自费了吖[允悲][允悲]
2	事实胜于雄辩，奉劝某些西方国家不要再装聋作哑。
2	希望可以缓解下，5000个房间，每天从广州入境的国际航班都不止5000人..疫情后，广州机场成为全球最多客运量的机场-每年4000多万人次。
0	保护自己，，积极配合，相信政府，坚定信心。
0	不是不让小学生接种吗
0	保持住，一定要保持到全面解封啊
1	好可爱啊哈哈哈
1	[赞][赞]
2	嘛呀，病毒进化了
0	福州60岁以上不能打
1	看好上海哦 [爱你]
1	爷爷辛苦了，保重身体
1	终于复工了[泪][泪]
1	感谢国家，生在华夏，真幸福！
0	如果是第九次不准呢？
1	[good]
1	好有爱的一幕[太开心][太开心]
1	云南加油！云南也辛苦了
0	疫情期间不能松懈
1	请给南京的医护安排上 谢谢！
2	太难了[泪]
0	只能自强，奋发图强
0	希望大家都能够平安健康。
1	做好日常防护不可少[加油]
1	致敬！[心]
2	今次出事的隔离酒店在老城区就算了，还正对环市路小学，隔条环市东就是广东电视台，5月荔湾那次疫情都还查不出传染源头，真就一点教训都没吸取到，我哋广州人做错啲乜要被咁搞法[拜拜]
1	[心][心][心]
0	确实非常辛苦
1	感恩守护生命与健康的白衣天使们！
2	在集中隔离的人并没有解封，真会做表面功夫啊
0	打了疫苗也防不住吗？
1	真心地感谢你们的付出
1	感谢看天救援队在疫情期间的贡献，辛苦你们了
0	还是要戴好口罩，做好防范！
2	这就不是科学问题，全部政治化了
0	去年初就有生物学博士分析到了这一点。美国至今仍然拒绝开放德特里克堡生物实验室接受调查
2	每当国际指责 意大利就被推出来一遍 信息来源全是中国传媒 建议还是推给美在武汉参加的军运动会比较真实
0	[话筒][话筒]
1	是值得所有人尊敬的人！
1	哇塞已开通地区安徽我爱了
0	从郑州能回兰考了吗
1	我的熊猫在杜甫草堂[打call]
2	没完没了！唉
1	成了自由人，太幸福了！[鲜花][鲜花][鲜花][中国赞][中国赞][中国赞]
0	跟南京有关吗？
2	省外公路运营什么恢复啊[酷][允悲]！
2	这玩意到底能不能滚？
0	胜利就在前方
0	关爰老人儿童
1	病毒变异的速度挑战我们科研的能力，我们有信心和力量去战胜它！[拳头]
0	好久不见，老先生岀来总结广州抗疫了！
0	我们只要民主自由，公平。
1	好人一生平安
0	第二个突破3000万病例的国家
0	进度已经很快。但还得抓紧，到7成以后才算开始有效果。
0	我是在杜甫草堂定居啦？
1	好棒，辛苦医护人员了
0	继续检测吧！
0	不知道它和SARS谁更厉害?
0	小地方还没有老人小孩能打的疫苗
1	这是大家都希望看到的消息呀。
2	。。。愿无恙
2	到底什么时候解封啊[泪]
1	心态真好，加油加油
1	[赞][赞][心]
2	早点结束吧，我还要结婚办酒呢[允悲][允悲][允悲]
1	[赞][赞][赞]
0	这时候就体现铁饭碗的好
1	盼开学[好喜欢]
0	文中说了是隔离酒店工作人员，估计是清理垃圾时感染的，也证明病毒在人体外可以存活很久
1	做好防护早日清零，防疫抗疫人员辛苦啦！[心]
1	为你们送水真心的祝福
1	皮肤盲盒真的是顶呱呱
0	终于控制住了？
1	[赞][赞][赞]
0	所以甘某是确诊了？
2	有完没完[汗]
0	山东的五例到底是哪个城市
0	关注热点，传播正能量
0	要重视起来啊
0	疫情就是命令 防護就是責任
2	说是这么说，今天写字楼还是大把人不戴口罩，没有约束力靠自觉就是白说[允悲]
0	建议在我们这一边沿着铁丝网在修一条硬化路面，便于巡逻
2	呜呜呜对，虽然确实有人吃野味，这哪个地方都有吧，但是有些人就喜欢一棒子打死所有武汉人
2	相对于旧版密接定义，在德尔塔变异株的影响下，新版密接定义时间更长，影响范围或者空间更大。 公共场合一定要戴口罩，夏天天热口罩容易潮湿一定要勤换，现在口罩便宜供应量也大，口罩一定不要省，特别要告诉父母长辈不要因为省事省钱不戴口罩，或者长时间使用一个口罩。[跪了]
2	到底什么时候能堂食啊.......[汗]
1	这就是中国！
2	你们想多挣检测费就加个班吧！为了参加考试，三码全绿还要去花60测核酸，你觉得有意义吗？
0	省外打的3针型重组蛋白的，打了两针，毕业回家后没有家这边没有这个疫苗，我还要再回我打针的地方打吗？
2	[生病][生病][生病]病毒变异得这么快的吗？
2	渣浪，给你卸载了
0	她到底感染源为何?
0	这个需要尽快推广，特别是广东的医护，太闷热了
2	江苏这场有点猛
0	早告诉他们可以这么做啦[笑cry]一年多了，都干嘛去啦[偷笑]
0	周二刚刚打完第二针，希望大家都尽快打疫苗，保护自己，保护家人
1	看来目前社区传播风险不高[鼓掌] 希望疫情早点过去[悲伤]
1	中国医学太斗，钟老我们中国人相信你，加油，祝你身体健康，万事如意
2	这个在哪里啊[悲伤][悲伤]
2	建议不接种直接吃牢饭...但是问题是吃牢饭也得打了疫苗才能吃，对吧？？[可爱][可爱]
2	治他个滥用职权罪！
1	真相大白[微笑]
1	这个可以哦，医护人员不用再受酷热了
2	这些讨伐煤炭价格的评论，没多久就会被发狗删掉，我之前评论了多次，回头看都没了
0	高速路口什么情况
2	好久没翻书了[跪了]
2	溯源怕是很长时间都不会有结果!反正我身边的人已经坚信病毒起源美国
2	有点良心吧 就非得赚这个钱是吗
0	关键是老人和未成年人接种的疫苗有吗？
2	还省会城市，还是号称苏大强的大省，苏大强这名字以后不配再叫了
2	所以能解封了吗？我等了好久好久[悲伤]
2	大连也有了 我天
0	还是做好防护
0	这是去沈阳旅游的？那就是在机场感染的？好强的传染性，是德尔塔吗？
0	我的为啥一直在九寨沟
2	查出来了西方也不会正视这个问题
2	一样被强了[awsl] 只管应接尽接，不管自愿。
2	我搞不懂南京为啥还不封城
0	是要解封了吗
2	他是怎么去沈阳的
2	国庆前能不能解封[泪][泪][泪]否则国庆没得回家了
1	糖豆人[哈哈]
0	他们应该有人爱护
2	中建三局操作很迷阿 有确诊还不全员隔离 竟然还有务工和出去玩的
0	这个感染者接种了疫苗吗
1	我天哈哈哈哈 他们热不热 需不需要我去给扇风
0	这并不能判断因此而感染吧，人是流动的，阳性者是否有其他感染途径。
1	向白衣天使致敬
0	于人海相遇，又将彼此归还于人海
0	自第一针打完，我已经上了六个星期的班没休息了，完全是忙到没空打第二针
0	该怎么样防疫？
1	致敬中国医生
1	好，照顾医护人员[good][good][good][good][good]
1	做好疫情防控，上阵父子兵，同心齐努力！
0	一天足以，基本上都在他老家荆门，武汉和其他地方目前都还好啦
2	江苏还在新增[感冒]
2	人数在增加[失望][失望][失望]
1	感谢所有为河南拼命的人
0	行程卡什么时候不带星号啊
1	十月一等你！！！
1	致敬医务工作者，钟爷爷辛苦了！
2	06.29 健康码返璞归真了呢，没有旅游又返回老版本了。[可怜][可怜][可怜]
0	为什么会新增呢，因为境外输入吗
0	现在去越秀会变黄码吗？
1	哇，今天少了好多，胜利就在眼前
1	有才[嘻嘻][嘻嘻][嘻嘻]
1	零新增是个好消息
1	航空航天科技应用[鼓掌]
2	我没理解错的话是不是17号就确诊了？为什么不报道？
2	境外航班减少吧
1	帅哥说滴话一定要听！[doge][doge]
0	一个人为什么要封两个小区，不是在隔离吗，可以到处跑？
1	这个形象真的是太可了吧绝绝子，就很可爱，有国家意义
0	未成年人现在可以接种了么？
2	哺乳期妈妈，宝宝才三个月，已被强制接种新冠疫苗，天天十几号人来我家堵，村里，乡里，县里，派出所的干部都来了，太可怕了，体验课了一把计划生育
1	感谢所有抗战医护人员 你们太棒了 广州太棒了
2	必须道歉！！！！
0	回来黄码我们这边比较麻烦，所以才问一下
0	我就想知道他们打疫苗了吗
2	国外的能不能别回来害人
0	只要国外未消停，其实接种就是防重症，有渗透进来，接种了也会传播
2	愿一切早日恢复正常[泪]
1	辛苦了！！！
2	果然某些人为了头顶上的乌纱帽 什么都干得出来阿
2	不想再打第三针了 打完第二针难受了好些天[泪]
2	这回我相信沈阳是新一线城市了[允悲]
0	四天来3+3+15+2=23例本土确诊
1	[中国赞][拳头]
1	[打call][打call][打call]
2	林某斌事情解决之后大家集体卸载渣浪吧！
1	[加油][加油]
0	身边的基本都接种了
0	注意安全，疫情还没结束，别去人多的地方了，戴好口罩
1	好貼心，一直在改善[可爱][可爱]
0	金沙遗址的没有么？
0	上一次见这还是三名航天员准备上飞船的时候
0	不会风湿骨痛吗
1	哈哈哈哈小熊猫好可爱啊
2	说浪费流量的？你是哪个旮旯的？套餐流量用都用不完不说，你可以去酒店商城书店商城蹭呗。
1	[中国赞][中国赞][中国赞]
1	英雄就在你我身边，平常的普通人转身就是英雄，平凡即伟大，这就是中国人，中国人的大爱精神！[good][good][good]
1	烟台已经没有了[爱你]
0	慢慢好起来了
1	恭喜南京可以看峰爆了
1	加油加油[耶]
1	这发明简直不要太贴心[鼓掌]
0	给物质奖励多少都不为过吧
2	美国不是要溯源吗！
0	我的打了咋没有变化啊
1	[鼓掌][鼓掌][鼓掌]
1	清零清零，真的太好了
1	最最给力的无人机
1	[赞][赞][赞][赞][赞]
1	加油加油，早点解封
2	为什么又来一例，开学不会遥遥无期了吧。
1	看到希望了，辛苦了一线防疫人员。
0	落后就要受罪 中国的抗疫堪称经典
2	有自愿的也有被变相自愿的…
1	实用中还有点可爱
0	继续加强防控
1	好棒呀，应该高额奖金奖励这个好人
2	又来了[泪]
1	还差一针[嘻嘻][嘻嘻]
1	[中国赞][中国赞][给你小心心]
1	打了疫苗一点也不担心了[加油][心]
1	关爱医护人员，太棒了[good][good][good]
0	接种了，不然哪哪都不让去
1	[good][good][good]支持钟老
0	我的时间都超了还打不上
0	忍不住想戳个洞[挖鼻][允悲][笑cry]
1	蓝天救援队值得[心]
2	难道事情就不能得到正义吗
1	真的是牵动着所有人的心呀！
0	都住在酒店，算是个好消息
2	看看云南瑞丽！
1	辛苦了！[心]
2	问题是我们这些刚成年的人都打不到第一针了，现在全是接种第二针的
1	[微风][微风][微风]
0	在哪里领取？我的健康码怎么没有熊猫呢？
2	只有家属知道，自己这两年承受了什么
0	[话筒][话筒][话筒][话筒]
0	终于回到个位数了
2	南京本地的骂成一团。南京方面的官博连评论都不敢开。[吐]
1	[给力][给力][给力][给力][给力][给力][给力]
0	然后依然封着国门
1	可喜可贺。商丘到北京可以买票了吗。
2	怎么搞的，明天又要…
0	大力发展科技就是为了这种场景
2	境外输入什么时候能停！全国老百姓做错了什么跟着遭殃！
1	[赞][赞]
1	[心][心][心]
2	俩针都打完了一段时间了，怎么刷新都显示不出来[泪]
0	把医生这种职业展现的太好了，现实中大部分医生已经变质了。而且还是正常的随着社会而改变，你说这不正常，那大家就会认为你已经疯了。
0	现在不是还没有开放60以上及小孩的疫苗吗
0	如果某些无知国度提供合适环境让病毒继续壮大，是不是以后口罩就要无时不离了？
1	杜甫草堂[心]
0	快递呢快递呢，怎么一点快递的消息都没有，什么时候恢复？
1	辛苦辛苦！向抗疫战士们致敬[泪]
0	特殊时刻，守望相助，共克时艰
2	现在看来，还是不要到处溜达的好啊，这不都是出去旅游惹得祸吗？唉！
1	这院领导有人性，知道体恤下属[中国赞]
1	希望到了国庆可以全国解封！可以自由出行
2	能不能7.4考秋梨膏[跪了][跪了]
0	美利坚已走近死胡同！
2	居家隔离到期了也不让出门。
1	噢耶，那是不是可以去漂流了[嘻嘻]
2	长江路街道什么时候可以降级，解封，着急去外省上学，很着急！
2	所以还是高官横行
2	这个是美国病毒无疑了吧
2	已经大半个月没出门了，希望疫情可以快点结束
1	真的是一个好消息，开心
2	疫情什么时候才能走[泪]
0	广州不是有一例本地无症状吗
1	[中国赞][中国赞][中国赞]
1	只能说事发突然，河南人民感谢郑先生！
2	实事证明新冠早已出现，只是欧美莫名其妙的没发现，，，[允悲][允悲]
2	中央一开始就明确说了疫苗接种完全自愿，前阵子有地方把疫苗与出行挂钩时又出来重申说自愿接种不得强制，现在部分地区这么操作，是想让百姓觉得zf说话不算数，还是想公然违背中央指示呀[愉快]
2	真是害怕，开始恐惧坐二号线
0	[话筒][话筒]
0	让科学的归科学政治归政治别混淆着聊，政治是斗争国际政治就是国际斗争…
0	我也想有这种
2	希望不要再这么折腾了，疫情赶紧远离不要再来。[拜拜]
0	22日无新增本土确诊病例。
0	我的打完就在杜甫草堂一动不动
2	美国病毒好厉害...
2	这个区是脑子有病吗？！
1	我都打完两个月了[耶]
0	那是不是被环境传染而不是被人传染呢？
1	都是最美的身影
2	边境人民处于风险中，难呀！
0	没有这么绝对就是九月一日吧，感染早期一两天病毒量小检测不出来不是很常见吗
2	世界人民欠中国人民一个对不起，这个锅中国人不能背 ！
2	我买的明天的高铁襄阳到汉口的，回老家探亲两天，真怕回不去了[允悲][允悲]
1	这样的皮肤盲盒太可爱了。我也想拥有它
1	救命真的绝绝子好伐！
0	以后“宅”的人有生存优势，忍受不了“宅”的人，被环境淘汰。
0	我今天出的去吧？
0	我每天都在青城山，为啥
0	愿学有所成，平安归来，报效祖国
1	我们中国控制很好
1	[笑哈哈][笑哈哈]
1	[赞][赞][赞]医护人员辛苦了
1	所有，所有的工作人员辛苦了！
2	前几天广州又封两爆发区。还经常有外逃的。总有脑灿投毒，全城封城，停工停产，经济倒退，吃住行，工资房贷车贷谁买单？这种脑灿就直接判无期发配最苦地方做苦力，每天公布惨状威慑其他脑灿。感染了医疗自费。全国就应该加强防疫法，公共安全法宣传，让脑灿知干脑灿投毒就就付出牢底坐穿的惨痛代价
0	那能随便出京吗
0	可以买票了吗？
0	总结类型病毒的历史发展进程，这东西的毒性会越来越低，为了生存，它们会与人体尽可能和谐的相处。猛然地来悄然地走，最终变成一个于多数人无害的小病。顶多再有两年，普通药物即可治愈，感冒也会死人，它仍会致死，但已不足畏惧
0	重要的事说三遍：戴口罩、戴口罩、戴口罩
1	河南疫情阻击战打得很厉害，终是没能让疫情打垮我们，中国加油！河南加油！
1	我已经打过疫苗了，感谢所有的医护人员啊，通过这次疫情真的觉得生在中国太幸福了
2	谁赞成谁反对，找不到源头就说意外暴露
1	[good]
0	打过疫苗吗？
1	太可爱了吧，我可喜欢熊猫了，好喜欢呀，我也想拥有
0	钟南山呼吁，老人和孩子应该加强接种！
1	[good][good][good]
0	广东采取了最严格的管控措施防止疫情传播。
1	做好日常防护不可少[加油]
2	为什么还要收了两元钱？应该免费[怒]
1	在减少了 加油！！
0	[话筒][话筒][话筒]
2	[悲伤][抱一抱]
0	疫情防控常态化，不能放松警惕！
2	刚来玩几天就复发了[允悲][允悲]
0	注意安全，做好防护措施！
0	隔离酒店工作人员
2	我觉得最不可思议的是这篇article是2020年11月发的，已经完全公开，现在2021年快8月了，中国的媒体才发出来给大家看。这期间美国上蹿下跳指责中国，各种阴谋论，难道这个不能作为反驳的武器怼回去？欧洲远远早于中国
1	[威武][给力][耶][耶][耶]
1	帮助了很多的人。真是一位好人。
1	了不起的数字
2	这个14秒是怎么来的请问
2	59岁以上不给打[泪]
0	呵护健康，守护生命
1	[心][心][心]大爱
0	这才是积极的，正常的响应嘛！真是一朝被蛇咬，十年怕井绳。
2	病毒一直在进化啊
1	这个好啊，值得推广
1	三十号宣布休舱 一号就去北京参加活动 院士辛苦了
2	希望大家都能打疫苗
1	[心][心][心]
1	哇哦~好可爱的熊猫猫
2	沈阳大连都拉不下[允悲]
0	武汉很安全的
1	祝福他们[鲜花][鲜花][鲜花]
2	没到过节就泛滥的疫情啊！好不容易放一次假，还要被关在广州度过[泪]，可怜的广州打工仔
0	有基础病的老年人不打问觉得可以理解吧？为什么强制？
2	道歉也许是不可能了，不如把德堡消灭了给大伙儿痛快痛快
2	所谓无故不接种疫苗追责甚至上征信是彻头彻尾的懒政，是否有故谁来界定？百姓是否有足够的解释权？执行过程中与 【国家卫生健康委：强制要求全员接种，必须坚决予以纠正。】精神冲突造成不良后果谁来监督和负责？明显防疫的重点在于良好隔离制度而不是是否都打上疫苗，南京的事件已经很说明问题了
2	从合肥出入南京要核酸检测报告嘛 从天长出入南京要核酸检测报告嘛 19号考天长事业单位 家住合肥[泪][泪]
2	越是这个时候越不能松懈！扬州要继续加油呀
0	为什么不暂停境外输入呢？国内防控成本怎么高，代价这么大。
2	江夏什么时候可以解封啊啊啊啊啊
0	也许黄某与鲁某不是那14秒呢，而是通过卫生间这个第三媒介
0	感觉我们江苏疫情快要结束了，不晓得什么时候能防疫常态化，好好去玩玩
1	终于熬出来了
1	这么可爱，我真心抵挡不了[微笑][微笑]
2	河南的应该说清楚
2	四川境外输入昨天5，今天12，防控压力蛮大的，一定要严防死守啊。
0	这才是知冷知热的高科技
0	今天我也是6.3亿分之一了
2	我真的真的很不喜欢记者去问钟南山先生一些莫名的问题！断章取义，他的话来拿互相攻击！要吵自己吵，别利用别人
2	: 居家隔离怎么说，已经21天，核酸做了无数次，18号下的文件，符合要求可以放开，现在还是关着不放，政府还有公信力吗？出尔反尔...。
1	胜利就在眼前，不能放松，做好个人防护。
1	乐山大佛[哈哈]
1	小伙子NB！
1	又是大雨又是疫情，太难了，致敬每一位泡在前线的英雄[good]
2	算了吧 家里老人八十多岁还要求去打疫苗，不打应发的补贴都不给你发
0	平凡的人总是给我们最多感动。希望国家或者当地政府给他重奖，让他一生衣食无忧。他的行为，值得这些奖励。
0	河南24例是21例无症状转确诊（郑州20驻马店1），3例新确诊
1	奥利给，牛逼啊[好喜欢]
2	广州好可怜，大家加油
1	致敬医务工作者❤️
2	额。。。要命呀
1	还远远不够，加油
0	我的是乐山大佛
0	不知道11号排不排峰爆的点映
2	这个接触的人群有点多[汗]
0	关注[话筒][话筒][话筒]
2	大家都太难了。不容易啊
0	商铺还是不让开门啥意思
1	真好，辛苦了[抱一抱]
0	都是低风险就不要检查了
2	我们楼上酒店用来隔离，导致我们餐厅不能营业[裂开]这种情况有什么补贴
0	请问一下，我们滞留在扬州，自己没开车要怎么回去呢
0	注意防护！！
2	陪跑第一名[伤心]
2	出门记得戴口罩！
2	为啥我朝去年叫停国内的溯源研究？paper 必须经过审查？
2	看来社区传播的风险不高，希望疫情早点过去，等着回去过中秋呢[悲伤]
1	看哭了[泪]
1	这可真是一个好消息，我又可以去郑州了，我又可以去幻城了，我们河南又挺过来一个难关
2	瑞丽压力好大[跪了]
1	都是低风险区了，孩子们可以平安开学了。
0	没进行过实验还能上市？而且有效免疫不是随随便便就能判断的。没接触病毒和接触病毒有效预防未感染的结果都是核酸阴性。
1	[哈哈]父子兵好样的
0	省内城市去广州要核酸检测吗？
2	别推荐了，打不完的疫苗，真的有作用吗？
1	[赞][赞][赞]
2	在广州的密接有哪些？是不是也公布公布
2	疫情赶快过去吧
2	挺住啊，大沈阳
1	[微风][微风][微风]
0	刚刚看到说，熊猫的尾巴是白色的，下一批旅行熊猫改过来吧[熊猫]
1	笑死了都，疫情最严重的地方都已经低风险了，无疫小区还是中风险[太开心]
0	那我们离开郑州去另一个城市，另一个城市还用隔离吗
2	疫情到底啥时候是个头啊 现在又来个德尔塔 拉姆达 真的好难啊[允悲]
0	就觉得我基建狂魔不可能解决不了
1	第一瞬间想起大白[可爱]
0	加强全球抗疫
2	举报河南省周口市周口新星学校高中部准备让我们十五号开学 能不能管一管
1	[中国赞][中国赞][中国赞][中国赞]
0	一下就放心了。
0	钟老的话我相信
2	希望疫情赶紧过去
0	酒精不让进地铁，我就改酒精湿巾
2	加油啊大扬州 快点好起来等着我回去[泪]
0	湖北不是连续3天0新增，怎么又有了？
0	郑州客运站什么时候通车？
2	病毒滚可以吗
2	这个工作不容易。隔离区工作生活。和外界无往来
0	哺乳期还没打
2	印度现在生了个der他病毒，明年会不会又生了个阿尔法病毒，病毒培育基地是吧！
0	扬州挺住啊，持续0啊，中秋节我想回家啊
1	检验人的骄傲[爱你]
0	因为是德尔塔
0	新郑州机场走高速到安阳市林州市不要核酸检测证明了吧
1	这真的是舍己救人
1	[good][good][good]
2	还要不要人活了
0	传染源确定了吗？
1	要收尾了！9月能顺利开学了吧？
0	京广路终于从高风险降下来了
0	已完成全程接种
1	太可爱了吧，我这边也想拥有[打call]
0	没打疫苗接种吗？
2	隔离酒店工作人员日常回家住就真的蛮不理解的。哎…希望快点好起来吧
1	[good][good]
0	意大利北部刚好有一家美军的生化实验室，应当彻查
2	[允悲][允悲][允悲]虽然 但是 总感觉美国狗不会道歉
2	德特里克堡！就认它了！
1	医护人员们辛苦了，希望好起来，感谢～
0	戴口罩了吗？
2	[汗][汗][汗]
2	又回到了去年的上半年，天天早上起来就看发的新增多少个[裂开]
1	[good]
0	轨迹呢[笑cry]
0	1号本土99例，2号本土84例，3号本土86例，4号本土94例，5号本土101例，6号本土95例，7号86例。（注：本土确诊病例加本土无症状感染者）
2	跟他一起集中隔离的人危险了⚠️
0	缺点是走不远
2	哎，辽宁每次都遭殃，心疼
1	啊哈哈哈这不是我们年会上的大胖吗？
2	这个外地是哪
2	意思是人类该灭亡了呗
0	能打就打，应打尽打
2	为什么我学校发布的疫情防控，没有郑州啦，开封还有呢[允悲][允悲][允悲][允悲][允悲]
1	现在也在学医学 以后要为国家做贡献的[打call][打call]
2	24号去过远洋宾馆[衰]
1	报道有些老板因为合约留下来了，不想让别国觉得我们遇到点困难就跑了没有诚意。依然坚持正常营业，勇敢的同胞们
1	[good][加油]
0	估计是带过来的物品有病毒，境外人员隔离时只是对行李箱外部做消毒，内部的物品没有做
2	沈阳新增不配上热搜么？？
0	这新闻上个月看过
2	这就是市政工程，该搞的没搞，搞好了又不善用。反正就是浪费纳税人的钱
0	病毒一直在 难道永远不出去？
1	我就相信南叔～
0	每天进步一点点，希望的火苗不熄灭。
2	我就看看都接种疫苗以后如何形成免疫屏障，到时候形成不了怎么办？
0	全运会，不是针对广州的
1	祝愿我们可爱可敬的白衣天使早日康复
2	我的一直在三星堆不动[允悲][跪了]
1	晚上就准备去看看～
1	好小伙[赞]
2	不容易，辛苦了
2	广州六月疫情全省共一百多例，这回真是搞大了
2	1月12号还是11号我在武汉停了30分钟六点钟把我慌得
0	放暑假之前就打完了
0	新冠疫情暴发以来，越来越多的科学家展开了病毒溯源工作，在世界卫生组织的协调下，各国有责任、有义务携手展开病毒溯源工作。现在真相越来越清楚了，基本判定新冠病毒最早来源于外国
0	出事的概率怎么不统计一下？
2	监护人不在本地怎么办嘛[悲伤]
1	"移动人，辛苦了！感恩有你们 <a href="">网页链接</a>"
1	这个健康码真的太可爱(๑• . •๑)，融合当地具有代表物品
2	一直都约不到疫苗
0	现在商丘已经解封了，但是虞城县人民医院还没有任何通知什么时候解封，里面的人什么时候能出来？
1	感谢强大的祖国，让我们可以有安全的疫苗可以打。
1	火锅！！！！胡辣汤！！！我要去店里吃饭！！！
2	天啊 救命 不要
1	9月17日去看电影峰爆[打call][打call]
0	什么时候才可以全国清零呢
2	唉，这，真是，没完没了。
1	祝郑州越来越好[心]
1	郑州解封[打call]
0	马来西亚9月3日入境的CZ350航班，5号和7号都通报确诊了一名49岁中国男子，是重复还是巧合？
2	不带这么变的
0	时空伴随者…
1	应该进一步规范隔离者产生的垃圾，首先强制消毒垃圾。提高处理者即直接接触者防护标准！
0	确诊人的轨迹在哪里看？
2	那照这么说，东京奥运会现场所有人都要隔离吧，不知道东京确定病历是不是德塔尔，这么可怕。
2	疫苗接种工作，地方政府与中央政府说的都是背道而驰，地方政府都是强制大家打新冠疫苗，把疫苗接种当成政治任务，给部门单位人员下达指标，没有完成的要问责处罚，提出还没打的，打完给200，威逼利诱，到处搜索未接种人员，百岁老人都不放过，走不动就把老人家抬得去打疫苗，这叫以人为本？可悲可笑
1	不容易！大家一起努力的结果！
1	我的微信在九寨沟，支付宝在乐山大佛[偷笑][偷笑][偷笑]
1	真的是非常的令人期待
2	有报导说擦身而过也会感染
1	[good]
1	当代英雄[good]
1	平凡而伟大的人
0	解封不等解防，低风险不等于零风险，大家还是要做好疫情防控，不可大意。
1	让我们一起加强自我防护，共同筑牢疫情防控的坚固防线。[加油]
2	我爸妈七十多岁 都打了 比我们先打的 老两口为了去内蒙玩 谁都没说 自己去打的[允悲]
2	无相关活动接触史...是怎么得的...
1	[小红花][小红花][小红花]
1	小女孩很懂事[赞]
0	希望继续保持，不要松懈
2	只有把国民当回事的中国喊了出来
1	真是好消息，坚持住，大家防疫工作一定不能松懈，相信不久将会听到武汉清零的消息[拳头]
1	期盼疫情清零的那一天
0	我想知道，确诊病例都接种疫苗了吗？
0	好了别说了，已经确定误诊，后面连续两次核酸和血检都是阴性的啦，已经解除隔离了，后续相关市疾控会发布解除隔离声明
2	不見得，回頭寒濕閉表，遺害無窮。
2	此轮疫情让中国看到了放松警惕的巨大危害，没办法像西方国家那样“不负责任地放开”，所以，只能采取更严格的防疫措施，才是未来很长一段时间对付德尔塔的中国方案。。。。。。
1	好可爱[awsl]
2	政府发的文件想发就发想删就删[费解]
0	到底全程闭环 会不会影响居民生活？
1	耶耶耶耶耶耶耶
2	看看郑州的快递吧 学生要买东西[泪][泪][泪]
1	真的是非常感谢他的拼命相救
2	还在峰值，还需要绷紧防控的弦，也说明变异的德尔塔病毒让防控形式更加严峻
0	防疫安全必须牢记
1	为你们送上更多的祝福
0	他家里可能的环境估计一直没改变吧？
0	守得云开见月明
0	是否跟南京关联？
1	太棒了[赞]
1	广州我永远撑你！
1	勤洗手，戴口罩，疫情防控从我做起[加油]
1	都是好消息！
2	别出国了，还出国[微笑]
1	英雄归来[赞]
0	那月底还能不能去云南了？
0	我岳母肯定会说这个设计腰会受凉，使不得=͟͟͞͞(꒪⌓꒪*)
1	加油郑州！！
2	哪里感染的他是
2	台湾还不断航？等到扩散吗？缺德玩意
2	戴口罩戴口罩戴口罩[感冒]
2	有钱人，我兜里都掉不出一块钱
0	南京的防疫措施之一是全员检测核酸，暂停疫苗接种，何时恢复有待通知。怎么解读？疫苗没用？靠核酸结果？
1	救了50多…好人呐
0	出门戴好口罩
1	真好[鼓掌][鼓掌][鼓掌]
2	一快放假就来了
1	向平凡岗位上的英雄致敬
0	广州两个月后处理了这么多人，看来等南京彻底结束之后还要再有大动作，说不定省级干部也要弄几个。[思考]
1	强烈建议推广！我们的防疫人员太辛苦了！感恩奉献[鲜花][鲜花][鲜花]
0	郑州中高风险地区清零。
1	扬州加油！[加油][加油][加油]
0	我男朋友硬要等到能打三针才打，等了这么久现在都没打第一针[二哈]我和我爸妈很早就打了两针的
2	天，谁为全球买单
1	感觉看到了胜利的曙光，战胜疫情指日可待了！
0	众志成城抗疫必胜
2	热评狗的台词能否多样化一些？
0	这次疫情应该让人们反思查清病毒真正的起源对全人类很重要。
2	牛逼 这个时候时候网吧ktv 影院还让营业 防控压力小是吧？
1	终于解封了[太开心]
1	这样的老板很难不发财[鼓掌]
1	[good][good][good][good]
2	我一周前都过期了…
1	天亮了，扬州加油！
0	在这次疫情中，广州反应还是很迅速，做的还是很到位了，控制新增病例，一个多月时间清零，这个处罚还是很严厉的了。相信南京疫情结束后，也会追责吧
2	就餐一次就感染，那南京机场那么多天天呆在一起的？想想就恐怖，可是数据呢？
2	有些人就是我不听我不听我不听
1	真的是非常的了不起
1	[打call][打call][打call]
2	我每次出门都这样[允悲]全喷一遍擦一遍再用。
1	两针都打好了[ok]
0	彭博不是难得正常一回, 而是检查民众被自己搞的后真相新闻洗脑后再看正常新闻的反应, 换句话说就是, 彭博是在核查自己的KPI
1	[加油][加油]
1	我大武汉[赞][赞][赞]
1	曙光在前，胜利在望！扬州加油！！！
2	还是不到一半啊
2	希望打了两针疫苗后，测下抗体，看下产生抗体的机率，抗体高不高
0	我们这里是两针剂打第一针需预约排队，第二针是组织疫苗专场
0	现在打疫苗都开始内卷了吗 为什么都开始推出各种各样的健康码
2	世界这么大，总有一些脑子长残了的！
0	之前航天员上天的时候，每个人手上提个小箱子。我猜就有通风换气功能，现在防护服也实现了。[笑cry][笑cry][笑cry]
2	小区只留一个门，然后也没有扫码测温的业务，人随便进，封闭的那个门，车能正常行走，人也可以跟车后边出去，那封门的意义是为了让百姓多走路，锻炼身体，增强抵抗力吗？？？
0	期待早日恢复正常
1	[中国赞][中国赞][中国赞]
2	听说λ病毒可以躲避抗原，这就麻烦大了
1	疫苗已完成，安心一点了！为家人为大家，都要做好防护！
0	连云港啥时候解封啊，我想出去玩
0	这才是正能量
0	江苏要么没有，要么至少13个打底
0	海口飞入新郑州机场走高速到安阳市林州市不要核酸检测证明了吧
1	我也觉得很棒啊 特别给力啦
2	都停了吧 商业一点没有就好了 沈阳一例没有然后一刀切 全停了 倒是把大门把好啊[汗]
0	我没有这种的呢
0	坚持常态化疫情防控 ，做好防护措施。
0	怎么才一半的流调？南京过来的时间和班次呢？
2	半年快过期了[衰]
0	终于医护人员不用中暑了
1	哈哈哈哈，片头好搞笑
0	所以说，新冠高危行业每一个步骤都要仔细仔细再仔细！
1	坚持定能迎来胜利曙光！
1	哇，好可爱啊，可惜不是四川人。
0	钟南山院士25日表示：由于德尔塔变异株患者的病毒载量高，呼出病毒浓度大，传染性极强，所以过去的密接概念已不适用。
1	我的在剑门关[哈哈]
0	已打了一针了
2	呜呜呜呜是的，当时在外网被骂惨了[泪]
2	南京机场害死人了！大半个中国都闹得沸沸扬扬
0	大巴车啥时候恢复啊？
2	在广州做过咩？[失望]
1	可可爱爱[憧憬]
0	胜利就在前方
0	注意，是和密接相处过的
2	[委屈][二哈]
1	祝平安[鲜花]
2	这样的政府也是无能腐化昏庸到一定程度了。区长区委书记典型的昏庸无道。
1	明天就没有了。加油
2	卑鄙无耻的民航局和发国难财的国内航司
2	你不是应该顺势说，那遗嘱需要见证吗？公证呢？[doge]
1	这个好！终于可以让工作人员舒服点了！
1	我是金狮护体[哈哈]
2	这小命真精贵
1	[good]
0	是什么限制了你的想象力
0	同事的动的很频繁，我的一开始就在乐山，没有动过，谁能解释一下为什么
2	不要再有疫情了 我真的不想封校！！！！
1	医护人员辛苦了[心]
0	现在就是十二岁一下儿童没打疫苗了，有没有其他的预防措施呢
2	上海也沦陷了，哎~
1	哈哈真的是太可爱了
1	终于近了[打call][打call]
2	这太吓人了[傻眼][傻眼]
1	打完疫苗，也要戴好口罩哦[加油][加油]
2	卧槽， 刚来广州不到一个星期，还没开始打工呢，别又爆发了
0	能接种的一定要接种，提高接种率，病毒变异了
2	可怕了，任何人都有可能被传播到。
0	钟南山说国产灭活疫苗对德尔塔病毒株有效
2	又来了，有点担心。一定要严防严控呀……[怒]
0	隔离点的工作人员是否是闭环轮休管理？隔离点工作人员几天测一次核酸？
1	哪家啊，等我也去买几张爱心券，的确非常想感谢环卫大哥大姐们的辛劳付出！
2	也没有说是不是在一起工作的
2	到底他是研究什么的？肺方面医生？[允悲][允悲][允悲]
2	哎…估计弟弟9月份的婚礼要泡汤啊[泪]
0	疫情到地什么时候能结束
0	所以呢，还不解封？
2	这种感觉有点像你老板跟你说下班不等于休息，要时刻开着电话[允悲]
0	对头，老人需要加强接种
0	可以设置成一天一个背景么？让滚滚到处玩玩。 第一次领到，刚到峨眉山，两分钟后进去，它跑到乐山大佛不走了。
2	渣浪给推了个大连疫情的话题，就他妈离谱，是分不清沈阳和大连这两个词吗
0	打完疫苗要多喝水多休息。
2	"河南还有崽等着去外地上学呢[苦涩]""""[苦涩]"""""
0	假如医生和护士长此以往，你让孩子做医生和护士吗？东京奥运期间疫情大爆发，这个也是给我们敲响警钟，明年2月份冬奥会我们是不是该思考一下了，该放弃的要放弃～为了人民的生命！而不是。。。如果国内没有病毒，我们发展内消费比如旅游，中国有14亿人市场足够大了！
2	第一针还没打[拜拜]
0	关注[话筒][话筒]
2	征信是个框，啥都能往里装，领导挺好当。
2	太难了[裂开]广州加油啊
1	好可爱的熊猫啊，我好喜欢啊，做这个的人好厉害啊
2	每天都在祈祷疫情好转，广东挺住，结果还是沦陷[泪][泪][泪]居家隔离是什么意思呀，就是隔离不出门不接触他人呀，都出门逛街了还估计隔离个屁呀
0	9月份可以出渝了嘛？
1	敬佩！！！！！！！！！！
0	还可以去青岛玩吗
1	[赞][赞][赞]
1	[haha][haha][haha][haha]
2	看来又是印度的plus病毒
0	我很好奇。今年都打疫苗了，国家提倡的二胎，三胎怎么生？今年因为疫苗出生率怎办？
2	[晕][晕][晕][晕][晕]
1	速度真快，昨天发现，连夜大规模普查，第二天公布基因测序，不知道多少人一夜无眠啊
0	再挺住5天，可安好
0	9月5日起，乘客可购买9月19日，即中秋假期第一天的火车票。
2	什么病毒能够这么强悍，我想除了美国造
0	别哪哪晃了，明天预报34℃，太热，戴口罩的人不多，放假了，宅家吧。
0	江苏具体信息有吗？
2	这是在挑战广州市民的面性。每次都是隔离酒店
0	戴口罩才是正确的防护措施 不要搞强制接种
1	希望我们明天都能回家感谢了
2	这病毒太恐怖了
0	整个小亭子不是更好
1	盼望着疫情早点解除吧，正常生活早日恢复，辛苦啦，所有工作人员！
1	愿广东早日好起来❤️
0	重庆也早日清零
2	有些地方为了接种率，迷一样的操作。还有砖家时不时改个口，都可以打
1	郑州加油！❤ ❤ ❤
1	[赞][赞]
0	每天都在不断增加
1	致敬英雄！这才是我们该追的星[心]
2	太难了[泪]
1	这个～～用上乐器之魂锁呐，是准备送走～～～厄～COVID-19吧[允悲]
2	这么厉害[汗][汗][汗]
0	走完了一半征程，今年中秋十一可以放心出游了
1	真的是萌翻了
2	确实是这样，后劲不足了[泪][泪][泪]
2	为啥每次都这么半句半句报，就不能一次性报全么
1	好！！！希望就在眼前！！！
1	[赞][赞][赞][赞][赞]
0	刚想出城回家又回不了了
1	广州棒棒哒！经历这次变异疫情传播，病毒让人恐惧，但政府和人民团体对待病毒的态度和行动反而让人安心！
2	上次也是忐鸡，数据证明绝大多数在追踪范围内。所以啊，做事要讲科学，动脑子，靠野蛮，说明你没资格管理最发达地区。
2	人流密集的酒吧、饭店为什么不停业！那可是不戴口罩的场所啊！我家这高额房租的非学科类培训机构已停业小一周了，为什么还不能恢复营业呢！现在沈阳也没新增了，天天盼着营业，结果彻底没信了
2	戴口罩 戴口罩 戴口罩！
2	越秀学生emo了
2	学校肯定又要一刀切了[泪][泪] 烦死了
0	应该加快接种节奏！
0	孩子太小，老人70以上有慢性病。
1	哇塞，这个也太有创意了吧，这个熊猫也好可爱呀！
1	[加油][加油]
0	继续奋斗医疗一线
1	[赞][赞][赞]
0	不懂就问： 这位无症状的工作人员接种疫苗了么？[思考] 是接种前感染的还是未接种感染的？？
1	做好日常防护不可少[加油]
1	这是我家小区[嘻嘻]
1	加油清零[加油]
0	兰考一高9月1号开学
2	[泪]进京都可以了学校呢
1	人民英雄致敬[悲伤][悲伤]
2	应该查漏补缺。。关键是禁止捡拾高危区域垃圾，，派专人运输处理高危区域垃圾。。
0	全民免疫系统未建成，加强边境地区的疫苗接种措施。
1	河北高校解封终于有希望了
0	这些感染者打过疫苗吗？
1	这个插画绝了
2	根本就不是24小时 好多医院打电话过去 只是检测到8点
0	我们浙江这么坚挺？
2	"我只想要一个解释，如果不能进，我们肯定会遵守要求不进京，但是明文规定了进京政策，按要求做了也被检查站拦住不放行我就不能理解了。六旬老人带着学龄前幼儿舟车十几个小时，就这么被没道理的对待吗？我不相信我们国家的老百姓现在还是鱼肉的地位 <a href="">网页链接</a>"
1	太可爱了吧 这个皮肤盲盒 哈哈哈哈我也好想拥有哦
2	赶紧开学吧，在家好无聊
0	又来？[挖鼻][挖鼻][挖鼻]
1	快让我回学校，太想开学了！！！
2	希望早日查出源头
1	太好了，希望一切都好
2	美国不会允许你这么说的，他们要栽赃中国
2	出门记得戴口罩！
0	我倒是希望早日结束，不用辛苦医护人员
0	蛋白重组疫苗呢？
0	要做好防护，不能掉以轻心
0	这场疫情就像战争，病毒大规模入侵已经被击溃，现在与病毒的作战方式就是，渗透与反渗透，偷袭与反偷袭！
1	坚持了这么长时间，真的是一个大好消息
2	哈，街坊！本来第一波疫情这里的餐饮都能撑住，现又来第二波，加上旁边建地铁挖路，真是雪上加霜
2	不明真相冤枉人，让他们道歉
0	北京的[doge] 2针
1	"终于来了[苦涩]"""""
1	我们即将迎来曙光，大家辛苦了
1	[赞][赞][赞][赞][赞]
2	郑州地铁逢小雨就瘫痪，逢大雨就淹死人的事情，究竟有没有人管？这是什么样的治理水平？现在郑州连续小雨，郑州地铁至今不敢运行，郑州地铁是花瓶么？一碰就碎吧
2	西方媒体的话一个字都不要信！[摊手]
2	边境线太长，来往太密切了，防不胜防
0	希腊字母要不够用了
0	现在去云南要核酸证明吗 很多人都说景区要看核酸证明
1	[good][鲜花]
1	感谢发明者！！！感谢医护人员！~！
0	一定要注意防护
1	你是守护我们最美的颜色！最可爱的人 医师节快乐[心]
2	这类隔离酒店的普通员工，拿着普通的工资，承受着巨大的风险，公平吗？体制内人员，风险至少有个国家兜底，他们呢？片面的新冠不算工伤，公平吗？
0	来郑州喝胡辣汤吧
1	终于！[悲伤]
2	身边就有一个一针都没打的 整个办公室就她没打 催她赶紧打 她就说自己又不会感染 平时又喜欢去人多的地方玩 昨天晚上发了个朋友圈 说是她朋友码变红了 还说自己上星期刚跟她出去玩 就无语 无语无语！！！ 自己不打还在那理直气壮的说不会感染 ！！！
2	所以我不懂为什么现在不给老人和小孩接种疫苗[允悲]
2	[裂开]第三次世界大战是人类和病毒的战争
0	都利用无人机来做检测了
1	感谢白衣天使[给你小心心]
0	我也想问这人打疫苗了吗
0	18岁以下的未成年人什么时候才能打疫苗啊？盼望中
2	大连户籍沈阳工作的小老弟瑟瑟发抖[悲伤]
0	广州整体做得很好了，从前期出现问题到不断地修正至尽善尽美付出了很多，也做到了精准防控尽量保证正常的工作生活环境。
0	普法教育你我他，法治建设靠大家。
0	被隔离者杨某,到今天是阴性还是阳性？
2	把周围的空气没经过消毒，送进防护服里，这防护服穿着有什么作用？
2	美国欠世界一个道歉
1	这就是我们可爱的中国医生[赞]
0	我家还有两个一针都没打
2	哭了 38均为扬州[泪]
2	沈阳大连真的是次次都出列，太惨了
2	为什么许昌偷偷开学不管吗？违规了！许昌这时间往前冲干什么，学生的性命重要还是成绩重要，冲错点了都不知道！！
2	妈呀...你这个视频上热搜 词条“武汉疫情”我还以为武汉疫情又加重了[允悲]
1	太强了！！！
0	商丘一家人呢？
2	吓了一跳！！广州加油！
2	怎么那么多人机场的工作人员挨呢，是不是早就感染了然后前期没有症状，所以就一个传染一个，哪个发病早哪个就倒霉的认为是源头？
1	这太有爱了！！
2	别特么什么都推给疫情，我没停过一天班，你也可以！
0	终于可以出门了
1	[赞啊][赞啊][赞啊][good][good][good]
2	这种土质 下面挖个洞不就进来了[允悲]
1	他们值得啊，蓝天救援队[心]
1	相信我国完全有能力战胜新冠病毒变异株德尔塔及德尔塔十。
1	我也接完了！我也想要熊猫码
0	二鬼子阴阳鬼气浓厚[二哈]
0	莫名的想扎一下，别骂我，我知道这个想法不对
1	热烈祝贺郑州人民！生产生活全部恢复！
1	哈哈哈哈哈，看的出来风很足了，那个风都把桌子的布从底下吹起来了
1	太好了！太高兴啦！
1	感觉这次外传的机率不高，广州国际健康驿站快建好投入使用了，到时可以集中隔离管理入境人员，广州加油[加油]
2	这是有什么大病
1	河南加油吧！阻断疫情刻不容缓！
2	不懂就问！同是淮安病例传播的，为什么荆州只有两例，一个星期了也没有新增？武汉却源源不断的新增？
0	和病毒共存已成必然，花点时间开发更有效疫苗，研究怎么群体免疫更现实。
1	工作人员辛苦了，一定要做好防疫措施呀[good]
1	想念在南京的生活，真的很喜欢南京
2	哎……别耽误我开学呀，孩子想回学校的[泪]
1	平凡而让人感动的语句
1	这个发明真的太棒啦！[赞][赞][赞]
0	这视频到底是你们拍的还是腾讯医典拍摄的呀，为啥微信里是腾讯医典发的
0	老美的防护服就是这类，接了一根气管。
1	太好了，一直担心他们中暑[允悲]
2	到底什么时候解封，能自由出入个地不用核酸报告，快递到底什么时候能正常收到
1	真的让我感到特别的开心，你们是最棒的
1	辛苦了钟爷爷[鲜花][鲜花]好棒！
0	现在可以去南京了吗
2	如果南京像去年武汉一样没控制住，沪浙都危险了
0	出门记得戴口罩！
2	最近天天做核酸检测[允悲]
1	真是憋疯了[哈哈]
0	用喷的挺危险，可以用消毒湿巾
0	不能理解，新日本人为啥用中文
1	太喜欢了真的太可爱了
1	更像大白了[偷笑]
2	我想问问能不能问责 因为南京机场多少地方又有疫情了
0	“郑”在归来。但它的归来，注定是一次全新的出发。
0	这个日文名是狗子的意思吗
2	哎！就差最后一针了！早就过了时间了！在打还管用吗
2	最后还是靠隔离[允悲]
2	印度航班早该停了
1	[加油][加油][加油]
0	我打了十多天了，不知道为什么，二维码还是显示我只打了一针
1	中国医生加油！！！
2	广州太难了，一次接着一次[悲伤][悲伤][悲伤]
2	带口罩最有效，性价比最好的，好多人觉得打过疫苗了，最近没疫情，就都不带了…
1	湖北好了 江苏也加油[泪]
1	可喜可贺，但依旧不能放松警惕，保持常态化防控。
0	科技助力抗击疫情
1	平凡的英雄！
1	[赞][鼓掌]
0	小首都还不封是吧？
1	幸福的我们生在中国有疫苗可以打。
0	那就是说社交距离至少得保持两米以上
1	武汉加油！这一次，我们全力应对，一定能成功的的！奥利给！
0	我这儿怎么没有
0	钟南山呼吁，老人和孩子应该加强接种！
2	女儿余某某12岁，现住珠江医院，8月21日在广州市海珠区接种新冠疫苗北京生物后，出现腹疼，腰疼，发高烧，引起不良反应，导致身体多器官积液，目前双肾积液，积血尤为严重，导致孩子贫血，恳请海珠区疾控中心高度重视，争取时间，制定若干个救治方案。希望我女儿的案例不要再发生在其他孩子的身上！！
2	怎么干这么奇怪的事，一边做着防控，一边已经公布了开学日期，笑死，还要带着核酸证明开学，那你开什么学啊？我真挺无语的
0	社会福利养老、公共交通、农贸市场的从业人员等。
1	我相信！[微笑]
2	重庆不倒霉吗[doge]
2	报道不清不楚，那到底广州有没有是不是广州源头
0	战时状态，提高警惕，抓好防控，凝聚力量！
0	都是平民英雄
1	加油[加油]
1	愿早日康复！
0	是不是第三针安排起来了
0	现在印度变异病毒对世界各国的防疫成果威胁非常大，还没接种疫苗的同胞们（身体情况允许打疫苗的）赶紧接种疫苗与时间赛跑。接种疫苗1、可以让自己对病毒产生免疫抵抗力，2、即使不幸中招了也可以避免出现重症。
2	又是境外输入！
0	原来大白是真的
0	希望疫情赶紧结束
2	境外输入真的是老大难[允悲]
1	算是个好消息了
0	现在能去清远吗
2	在上海打完第一针疫苗，回到虞城不给打第二针，现场工作人员百般阻拦，就因为第二针不能让政府数据更好看一点吗？？？没有完成疫苗去商丘坐火车又会被卡，无法来上海打第二针，家人真的很无奈……虞城县防疫办公室电话2166280一整天都打不通，12225投诉热线又每次都踢皮球给2166280，投诉无门鱼肉百姓
0	每天都有新增，都注意防护吧
0	我们这不建议孩子和老年人打
2	我之前在影城上班 然后来了两个人 我说咱得戴口罩 扫行程吗 给我来了一句 我打疫苗了还得带口罩啊 [哼][哼][哼] 我要是不上班的话我就骂他了 神经病！说这种话的是钟老的黑粉吧！[怒]
1	望星如眼，照亮美好
1	这就是大国速度[赞][我爱中国]
0	我打完疫苗了
2	[晕][晕]同一个单位
1	好人一生平安[good][good]
2	根本就是多余的，白天的时候大家都在上班，等到我们下班了，你们这些核酸点早就已经下班了，或者是怎么样，各种原因没有办法做成检测。
1	加油(*๓´╰╯`๓)♡越来越好[鲜花][作揖][心]
1	熊猫挠头，好可爱[awsl]
0	一个礼拜了。
1	[贊][贊]
0	早日清零，平平安安
1	抗疫一线，父子同心！
2	地铁什么时候开[怒]
0	不能放松警惕[拳头]
2	我哭了...
2	这马上要扩展全国的趋势
1	四川的健康码太有创意了，超喜欢。
1	太佩服他们了，为他们点赞
0	她有没有打疫苗？
1	早就有啦[加油]
1	河南暴雨又一次让我们体会到一方有难八方支援！[good][good][good]
2	破百了[裂开]
0	未成年人和老人也要加强疫苗接种
2	我们健身瑜伽行业什么时候能营业啊，压力大啊，饭店都开了，健身却不行？难道不是应该加强锻炼嘛
0	上次如何感染传播还没弄清楚，这次又来。不过应该没什么大问题。
2	[吃惊][吃惊]天啊！保持警惕啊
1	再加油大家努力保持啊
0	看看越南就知道和病毒共存有多扯蛋了，病毒会和你共存，共存亡还差不多。
2	美国人不会信的，他们最擅长就是固执己见颠倒黑白，把什么都搞的政治化
0	感觉中国也是受害者这一句不太好，无论哪个国家是发源地，全世界包括那个国家在内所有国家都是受害者，没必要用也这个字
0	不是，中风险了为啥还是不给出家门啊？
1	本土新增6例，重症开始减少。[赞]
1	[good]
0	本土病例71例（江苏35例，湖南15例，湖北9例，山东6例，云南3例，河南2例，福建1例）；
2	希望不要仅仅为了好看，是真的能让有需求的人出行方便，做到以人为本啊！
2	明天就要去云南旅游了，这有点怕怕！
2	不给堂食一个月没生意，房租不会少收一分，补贴一下小商户吧，这样下去倒一片
1	广州人民，你们是广州人，我们是河南人，但是我们都是中国人啊，我们河南人民经历了一波又一波的灾难，请善待帮助我们的人，我们河南人民永远记得帮助我们的人，必定义不容辞，叶先生，感谢您
0	感染者本来就是重点排查人群，所以能在第一时间排查出来，和上一轮阿婆不一样
2	s1s7啥时候开[泪]
1	守护家园是最美画面[米奇比心]
